{
    "traceEvents": [
        {
            "ph": "X",
            "args": {
                "name": "Comm.byteps.Whole.Gradient"
            },
            "pid": "Comm.byteps.Whole.Gradient",
            "name": "Comm.byteps.Whole.Gradient",
            "ts": 1589687039999294,
            "dur": 2587212,
            "tid": "total",
            "cat": "Comm"
        },
        {
            "ph": "X",
            "args": {
                "name": "Comm.byteps.Whole.Gradient"
            },
            "pid": "Comm.byteps.Whole.Gradient",
            "name": "Comm.byteps.Whole.Gradient",
            "ts": 1589687042607283,
            "dur": 2636330,
            "tid": "total",
            "cat": "Comm"
        },
        {
            "ph": "X",
            "args": {
                "name": "Comm.byteps.Whole.Gradient"
            },
            "pid": "Comm.byteps.Whole.Gradient",
            "name": "Comm.byteps.Whole.Gradient",
            "ts": 1589687045260792,
            "dur": 2655980,
            "tid": "total",
            "cat": "Comm"
        },
        {
            "ph": "X",
            "args": {
                "name": "Comm.byteps.Whole.Gradient"
            },
            "pid": "Comm.byteps.Whole.Gradient",
            "name": "Comm.byteps.Whole.Gradient",
            "ts": 1589687047939041,
            "dur": 2618719,
            "tid": "total",
            "cat": "Comm"
        },
        {
            "ph": "X",
            "args": {
                "name": "Comm.byteps.Whole.Gradient"
            },
            "pid": "Comm.byteps.Whole.Gradient",
            "name": "Comm.byteps.Whole.Gradient",
            "ts": 1589687050570522,
            "dur": 2651182,
            "tid": "total",
            "cat": "Comm"
        },
        {
            "ph": "X",
            "args": {
                "name": "Comm.byteps.Whole.Gradient"
            },
            "pid": "Comm.byteps.Whole.Gradient",
            "name": "Comm.byteps.Whole.Gradient",
            "ts": 1589687053238337,
            "dur": 2609914,
            "tid": "total",
            "cat": "Comm"
        },
        {
            "ph": "X",
            "args": {
                "name": "Comm.byteps.Whole.Gradient"
            },
            "pid": "Comm.byteps.Whole.Gradient",
            "name": "Comm.byteps.Whole.Gradient",
            "ts": 1589687055869686,
            "dur": 2609249,
            "tid": "total",
            "cat": "Comm"
        },
        {
            "ph": "X",
            "args": {
                "name": "Comm.byteps.Whole.Gradient"
            },
            "pid": "Comm.byteps.Whole.Gradient",
            "name": "Comm.byteps.Whole.Gradient",
            "ts": 1589687058497498,
            "dur": 2733717,
            "tid": "total",
            "cat": "Comm"
        },
        {
            "ph": "X",
            "args": {
                "name": "Comm.byteps.Whole.Gradient"
            },
            "pid": "Comm.byteps.Whole.Gradient",
            "name": "Comm.byteps.Whole.Gradient",
            "ts": 1589687061249023,
            "dur": 2549693,
            "tid": "total",
            "cat": "Comm"
        },
        {
            "ph": "X",
            "args": {
                "name": "Comm.byteps.Whole.Gradient"
            },
            "pid": "Comm.byteps.Whole.Gradient",
            "name": "Comm.byteps.Whole.Gradient",
            "ts": 1589687063816630,
            "dur": 2754671,
            "tid": "total",
            "cat": "Comm"
        },
        {
            "ph": "X",
            "args": {
                "name": "Comm.byteps.Whole.Gradient"
            },
            "pid": "Comm.byteps.Whole.Gradient",
            "name": "Comm.byteps.Whole.Gradient",
            "ts": 1589687066589088,
            "dur": 2724391,
            "tid": "total",
            "cat": "Comm"
        },
        {
            "ph": "X",
            "args": {
                "name": "Comm.byteps.Whole.Gradient"
            },
            "pid": "Comm.byteps.Whole.Gradient",
            "name": "Comm.byteps.Whole.Gradient.BROADCAST",
            "ts": 1589687042032629,
            "dur": 553456,
            "tid": "0",
            "cat": "Comm"
        },
        {
            "ph": "X",
            "args": {
                "name": "Comm.byteps.Whole.Gradient"
            },
            "pid": "Comm.byteps.Whole.Gradient",
            "name": "Comm.byteps.Whole.Gradient.BROADCAST",
            "ts": 1589687044688545,
            "dur": 554874,
            "tid": "0",
            "cat": "Comm"
        },
        {
            "ph": "X",
            "args": {
                "name": "Comm.byteps.Whole.Gradient"
            },
            "pid": "Comm.byteps.Whole.Gradient",
            "name": "Comm.byteps.Whole.Gradient.BROADCAST",
            "ts": 1589687047365047,
            "dur": 551365,
            "tid": "0",
            "cat": "Comm"
        },
        {
            "ph": "X",
            "args": {
                "name": "Comm.byteps.Whole.Gradient"
            },
            "pid": "Comm.byteps.Whole.Gradient",
            "name": "Comm.byteps.Whole.Gradient.BROADCAST",
            "ts": 1589687050009038,
            "dur": 548569,
            "tid": "0",
            "cat": "Comm"
        },
        {
            "ph": "X",
            "args": {
                "name": "Comm.byteps.Whole.Gradient"
            },
            "pid": "Comm.byteps.Whole.Gradient",
            "name": "Comm.byteps.Whole.Gradient.BROADCAST",
            "ts": 1589687052668792,
            "dur": 552627,
            "tid": "0",
            "cat": "Comm"
        },
        {
            "ph": "X",
            "args": {
                "name": "Comm.byteps.Whole.Gradient"
            },
            "pid": "Comm.byteps.Whole.Gradient",
            "name": "Comm.byteps.Whole.Gradient.BROADCAST",
            "ts": 1589687055290986,
            "dur": 556905,
            "tid": "0",
            "cat": "Comm"
        },
        {
            "ph": "X",
            "args": {
                "name": "Comm.byteps.Whole.Gradient"
            },
            "pid": "Comm.byteps.Whole.Gradient",
            "name": "Comm.byteps.Whole.Gradient.BROADCAST",
            "ts": 1589687057924737,
            "dur": 554041,
            "tid": "0",
            "cat": "Comm"
        },
        {
            "ph": "X",
            "args": {
                "name": "Comm.byteps.Whole.Gradient"
            },
            "pid": "Comm.byteps.Whole.Gradient",
            "name": "Comm.byteps.Whole.Gradient.BROADCAST",
            "ts": 1589687060678596,
            "dur": 552331,
            "tid": "0",
            "cat": "Comm"
        },
        {
            "ph": "X",
            "args": {
                "name": "Comm.byteps.Whole.Gradient"
            },
            "pid": "Comm.byteps.Whole.Gradient",
            "name": "Comm.byteps.Whole.Gradient.BROADCAST",
            "ts": 1589687063252233,
            "dur": 546258,
            "tid": "0",
            "cat": "Comm"
        },
        {
            "ph": "X",
            "args": {
                "name": "Comm.byteps.Whole.Gradient"
            },
            "pid": "Comm.byteps.Whole.Gradient",
            "name": "Comm.byteps.Whole.Gradient.BROADCAST",
            "ts": 1589687066019130,
            "dur": 551907,
            "tid": "0",
            "cat": "Comm"
        },
        {
            "ph": "X",
            "args": {
                "name": "Comm.byteps.Whole.Gradient"
            },
            "pid": "Comm.byteps.Whole.Gradient",
            "name": "Comm.byteps.Whole.Gradient.BROADCAST",
            "ts": 1589687068757024,
            "dur": 556126,
            "tid": "0",
            "cat": "Comm"
        },
        {
            "ph": "X",
            "args": {
                "name": "Comm.byteps.Whole.Gradient"
            },
            "pid": "Comm.byteps.Whole.Gradient",
            "name": "Comm.byteps.Whole.Gradient.COORDINATE_BROADCAST",
            "ts": 1589687042032435,
            "dur": 5,
            "tid": "0",
            "cat": "Comm"
        },
        {
            "ph": "X",
            "args": {
                "name": "Comm.byteps.Whole.Gradient"
            },
            "pid": "Comm.byteps.Whole.Gradient",
            "name": "Comm.byteps.Whole.Gradient.COORDINATE_BROADCAST",
            "ts": 1589687044688278,
            "dur": 4,
            "tid": "0",
            "cat": "Comm"
        },
        {
            "ph": "X",
            "args": {
                "name": "Comm.byteps.Whole.Gradient"
            },
            "pid": "Comm.byteps.Whole.Gradient",
            "name": "Comm.byteps.Whole.Gradient.COORDINATE_BROADCAST",
            "ts": 1589687047364573,
            "dur": 4,
            "tid": "0",
            "cat": "Comm"
        },
        {
            "ph": "X",
            "args": {
                "name": "Comm.byteps.Whole.Gradient"
            },
            "pid": "Comm.byteps.Whole.Gradient",
            "name": "Comm.byteps.Whole.Gradient.COORDINATE_BROADCAST",
            "ts": 1589687050008806,
            "dur": 2,
            "tid": "0",
            "cat": "Comm"
        },
        {
            "ph": "X",
            "args": {
                "name": "Comm.byteps.Whole.Gradient"
            },
            "pid": "Comm.byteps.Whole.Gradient",
            "name": "Comm.byteps.Whole.Gradient.COORDINATE_BROADCAST",
            "ts": 1589687052668466,
            "dur": 4,
            "tid": "0",
            "cat": "Comm"
        },
        {
            "ph": "X",
            "args": {
                "name": "Comm.byteps.Whole.Gradient"
            },
            "pid": "Comm.byteps.Whole.Gradient",
            "name": "Comm.byteps.Whole.Gradient.COORDINATE_BROADCAST",
            "ts": 1589687055281007,
            "dur": 13,
            "tid": "0",
            "cat": "Comm"
        },
        {
            "ph": "X",
            "args": {
                "name": "Comm.byteps.Whole.Gradient"
            },
            "pid": "Comm.byteps.Whole.Gradient",
            "name": "Comm.byteps.Whole.Gradient.COORDINATE_BROADCAST",
            "ts": 1589687057921687,
            "dur": 3,
            "tid": "0",
            "cat": "Comm"
        },
        {
            "ph": "X",
            "args": {
                "name": "Comm.byteps.Whole.Gradient"
            },
            "pid": "Comm.byteps.Whole.Gradient",
            "name": "Comm.byteps.Whole.Gradient.COORDINATE_BROADCAST",
            "ts": 1589687060678391,
            "dur": 4,
            "tid": "0",
            "cat": "Comm"
        },
        {
            "ph": "X",
            "args": {
                "name": "Comm.byteps.Whole.Gradient"
            },
            "pid": "Comm.byteps.Whole.Gradient",
            "name": "Comm.byteps.Whole.Gradient.COORDINATE_BROADCAST",
            "ts": 1589687063251929,
            "dur": 3,
            "tid": "0",
            "cat": "Comm"
        },
        {
            "ph": "X",
            "args": {
                "name": "Comm.byteps.Whole.Gradient"
            },
            "pid": "Comm.byteps.Whole.Gradient",
            "name": "Comm.byteps.Whole.Gradient.COORDINATE_BROADCAST",
            "ts": 1589687066018797,
            "dur": 3,
            "tid": "0",
            "cat": "Comm"
        },
        {
            "ph": "X",
            "args": {
                "name": "Comm.byteps.Whole.Gradient"
            },
            "pid": "Comm.byteps.Whole.Gradient",
            "name": "Comm.byteps.Whole.Gradient.COORDINATE_BROADCAST",
            "ts": 1589687068756737,
            "dur": 11,
            "tid": "0",
            "cat": "Comm"
        },
        {
            "ph": "X",
            "args": {
                "name": "Comm.byteps.Whole.Gradient"
            },
            "pid": "Comm.byteps.Whole.Gradient",
            "name": "Comm.byteps.Whole.Gradient.COPYH2D",
            "ts": 1589687042022350,
            "dur": 10007,
            "tid": "0",
            "cat": "Comm"
        },
        {
            "ph": "X",
            "args": {
                "name": "Comm.byteps.Whole.Gradient"
            },
            "pid": "Comm.byteps.Whole.Gradient",
            "name": "Comm.byteps.Whole.Gradient.COPYH2D",
            "ts": 1589687044678221,
            "dur": 9999,
            "tid": "0",
            "cat": "Comm"
        },
        {
            "ph": "X",
            "args": {
                "name": "Comm.byteps.Whole.Gradient"
            },
            "pid": "Comm.byteps.Whole.Gradient",
            "name": "Comm.byteps.Whole.Gradient.COPYH2D",
            "ts": 1589687047354513,
            "dur": 10028,
            "tid": "0",
            "cat": "Comm"
        },
        {
            "ph": "X",
            "args": {
                "name": "Comm.byteps.Whole.Gradient"
            },
            "pid": "Comm.byteps.Whole.Gradient",
            "name": "Comm.byteps.Whole.Gradient.COPYH2D",
            "ts": 1589687049998758,
            "dur": 9989,
            "tid": "0",
            "cat": "Comm"
        },
        {
            "ph": "X",
            "args": {
                "name": "Comm.byteps.Whole.Gradient"
            },
            "pid": "Comm.byteps.Whole.Gradient",
            "name": "Comm.byteps.Whole.Gradient.COPYH2D",
            "ts": 1589687052658444,
            "dur": 10004,
            "tid": "0",
            "cat": "Comm"
        },
        {
            "ph": "X",
            "args": {
                "name": "Comm.byteps.Whole.Gradient"
            },
            "pid": "Comm.byteps.Whole.Gradient",
            "name": "Comm.byteps.Whole.Gradient.COPYH2D",
            "ts": 1589687055270848,
            "dur": 10125,
            "tid": "0",
            "cat": "Comm"
        },
        {
            "ph": "X",
            "args": {
                "name": "Comm.byteps.Whole.Gradient"
            },
            "pid": "Comm.byteps.Whole.Gradient",
            "name": "Comm.byteps.Whole.Gradient.COPYH2D",
            "ts": 1589687057914422,
            "dur": 7217,
            "tid": "0",
            "cat": "Comm"
        },
        {
            "ph": "X",
            "args": {
                "name": "Comm.byteps.Whole.Gradient"
            },
            "pid": "Comm.byteps.Whole.Gradient",
            "name": "Comm.byteps.Whole.Gradient.COPYH2D",
            "ts": 1589687060668216,
            "dur": 10089,
            "tid": "0",
            "cat": "Comm"
        },
        {
            "ph": "X",
            "args": {
                "name": "Comm.byteps.Whole.Gradient"
            },
            "pid": "Comm.byteps.Whole.Gradient",
            "name": "Comm.byteps.Whole.Gradient.COPYH2D",
            "ts": 1589687063241868,
            "dur": 10024,
            "tid": "0",
            "cat": "Comm"
        },
        {
            "ph": "X",
            "args": {
                "name": "Comm.byteps.Whole.Gradient"
            },
            "pid": "Comm.byteps.Whole.Gradient",
            "name": "Comm.byteps.Whole.Gradient.COPYH2D",
            "ts": 1589687066008737,
            "dur": 9995,
            "tid": "0",
            "cat": "Comm"
        },
        {
            "ph": "X",
            "args": {
                "name": "Comm.byteps.Whole.Gradient"
            },
            "pid": "Comm.byteps.Whole.Gradient",
            "name": "Comm.byteps.Whole.Gradient.COPYH2D",
            "ts": 1589687068746634,
            "dur": 10065,
            "tid": "0",
            "cat": "Comm"
        },
        {
            "ph": "X",
            "args": {
                "name": "Comm.byteps.Whole.Gradient"
            },
            "pid": "Comm.byteps.Whole.Gradient",
            "name": "Comm.byteps.Whole.Gradient.COORDINATE_REDUCE",
            "ts": 1589687040028417,
            "dur": 10,
            "tid": "0",
            "cat": "Comm"
        },
        {
            "ph": "X",
            "args": {
                "name": "Comm.byteps.Whole.Gradient"
            },
            "pid": "Comm.byteps.Whole.Gradient",
            "name": "Comm.byteps.Whole.Gradient.COORDINATE_REDUCE",
            "ts": 1589687042634436,
            "dur": 2,
            "tid": "0",
            "cat": "Comm"
        },
        {
            "ph": "X",
            "args": {
                "name": "Comm.byteps.Whole.Gradient"
            },
            "pid": "Comm.byteps.Whole.Gradient",
            "name": "Comm.byteps.Whole.Gradient.COORDINATE_REDUCE",
            "ts": 1589687045288492,
            "dur": 3,
            "tid": "0",
            "cat": "Comm"
        },
        {
            "ph": "X",
            "args": {
                "name": "Comm.byteps.Whole.Gradient"
            },
            "pid": "Comm.byteps.Whole.Gradient",
            "name": "Comm.byteps.Whole.Gradient.COORDINATE_REDUCE",
            "ts": 1589687047966927,
            "dur": 2,
            "tid": "0",
            "cat": "Comm"
        },
        {
            "ph": "X",
            "args": {
                "name": "Comm.byteps.Whole.Gradient"
            },
            "pid": "Comm.byteps.Whole.Gradient",
            "name": "Comm.byteps.Whole.Gradient.COORDINATE_REDUCE",
            "ts": 1589687050600571,
            "dur": 2,
            "tid": "0",
            "cat": "Comm"
        },
        {
            "ph": "X",
            "args": {
                "name": "Comm.byteps.Whole.Gradient"
            },
            "pid": "Comm.byteps.Whole.Gradient",
            "name": "Comm.byteps.Whole.Gradient.COORDINATE_REDUCE",
            "ts": 1589687053266469,
            "dur": 2,
            "tid": "0",
            "cat": "Comm"
        },
        {
            "ph": "X",
            "args": {
                "name": "Comm.byteps.Whole.Gradient"
            },
            "pid": "Comm.byteps.Whole.Gradient",
            "name": "Comm.byteps.Whole.Gradient.COORDINATE_REDUCE",
            "ts": 1589687055897025,
            "dur": 2,
            "tid": "0",
            "cat": "Comm"
        },
        {
            "ph": "X",
            "args": {
                "name": "Comm.byteps.Whole.Gradient"
            },
            "pid": "Comm.byteps.Whole.Gradient",
            "name": "Comm.byteps.Whole.Gradient.COORDINATE_REDUCE",
            "ts": 1589687058524506,
            "dur": 3,
            "tid": "0",
            "cat": "Comm"
        },
        {
            "ph": "X",
            "args": {
                "name": "Comm.byteps.Whole.Gradient"
            },
            "pid": "Comm.byteps.Whole.Gradient",
            "name": "Comm.byteps.Whole.Gradient.COORDINATE_REDUCE",
            "ts": 1589687061278183,
            "dur": 3,
            "tid": "0",
            "cat": "Comm"
        },
        {
            "ph": "X",
            "args": {
                "name": "Comm.byteps.Whole.Gradient"
            },
            "pid": "Comm.byteps.Whole.Gradient",
            "name": "Comm.byteps.Whole.Gradient.COORDINATE_REDUCE",
            "ts": 1589687063845950,
            "dur": 2,
            "tid": "0",
            "cat": "Comm"
        },
        {
            "ph": "X",
            "args": {
                "name": "Comm.byteps.Whole.Gradient"
            },
            "pid": "Comm.byteps.Whole.Gradient",
            "name": "Comm.byteps.Whole.Gradient.COORDINATE_REDUCE",
            "ts": 1589687066617200,
            "dur": 2,
            "tid": "0",
            "cat": "Comm"
        },
        {
            "ph": "X",
            "args": {
                "name": "Comm.byteps.Whole.Gradient"
            },
            "pid": "Comm.byteps.Whole.Gradient",
            "name": "Comm.byteps.Whole.Gradient.REDUCE",
            "ts": 1589687040034385,
            "dur": 145196,
            "tid": "0",
            "cat": "Comm"
        },
        {
            "ph": "X",
            "args": {
                "name": "Comm.byteps.Whole.Gradient"
            },
            "pid": "Comm.byteps.Whole.Gradient",
            "name": "Comm.byteps.Whole.Gradient.REDUCE",
            "ts": 1589687042634624,
            "dur": 142650,
            "tid": "0",
            "cat": "Comm"
        },
        {
            "ph": "X",
            "args": {
                "name": "Comm.byteps.Whole.Gradient"
            },
            "pid": "Comm.byteps.Whole.Gradient",
            "name": "Comm.byteps.Whole.Gradient.REDUCE",
            "ts": 1589687045291975,
            "dur": 145002,
            "tid": "0",
            "cat": "Comm"
        },
        {
            "ph": "X",
            "args": {
                "name": "Comm.byteps.Whole.Gradient"
            },
            "pid": "Comm.byteps.Whole.Gradient",
            "name": "Comm.byteps.Whole.Gradient.REDUCE",
            "ts": 1589687047967100,
            "dur": 144951,
            "tid": "0",
            "cat": "Comm"
        },
        {
            "ph": "X",
            "args": {
                "name": "Comm.byteps.Whole.Gradient"
            },
            "pid": "Comm.byteps.Whole.Gradient",
            "name": "Comm.byteps.Whole.Gradient.REDUCE",
            "ts": 1589687050604700,
            "dur": 145846,
            "tid": "0",
            "cat": "Comm"
        },
        {
            "ph": "X",
            "args": {
                "name": "Comm.byteps.Whole.Gradient"
            },
            "pid": "Comm.byteps.Whole.Gradient",
            "name": "Comm.byteps.Whole.Gradient.REDUCE",
            "ts": 1589687053271175,
            "dur": 145242,
            "tid": "0",
            "cat": "Comm"
        },
        {
            "ph": "X",
            "args": {
                "name": "Comm.byteps.Whole.Gradient"
            },
            "pid": "Comm.byteps.Whole.Gradient",
            "name": "Comm.byteps.Whole.Gradient.REDUCE",
            "ts": 1589687055897225,
            "dur": 145602,
            "tid": "0",
            "cat": "Comm"
        },
        {
            "ph": "X",
            "args": {
                "name": "Comm.byteps.Whole.Gradient"
            },
            "pid": "Comm.byteps.Whole.Gradient",
            "name": "Comm.byteps.Whole.Gradient.REDUCE",
            "ts": 1589687058527062,
            "dur": 144969,
            "tid": "0",
            "cat": "Comm"
        },
        {
            "ph": "X",
            "args": {
                "name": "Comm.byteps.Whole.Gradient"
            },
            "pid": "Comm.byteps.Whole.Gradient",
            "name": "Comm.byteps.Whole.Gradient.REDUCE",
            "ts": 1589687061280225,
            "dur": 146514,
            "tid": "0",
            "cat": "Comm"
        },
        {
            "ph": "X",
            "args": {
                "name": "Comm.byteps.Whole.Gradient"
            },
            "pid": "Comm.byteps.Whole.Gradient",
            "name": "Comm.byteps.Whole.Gradient.REDUCE",
            "ts": 1589687063846531,
            "dur": 143487,
            "tid": "0",
            "cat": "Comm"
        },
        {
            "ph": "X",
            "args": {
                "name": "Comm.byteps.Whole.Gradient"
            },
            "pid": "Comm.byteps.Whole.Gradient",
            "name": "Comm.byteps.Whole.Gradient.REDUCE",
            "ts": 1589687066619922,
            "dur": 144721,
            "tid": "0",
            "cat": "Comm"
        },
        {
            "ph": "X",
            "args": {
                "name": "Comm.byteps.Whole.Gradient"
            },
            "pid": "Comm.byteps.Whole.Gradient",
            "name": "Comm.byteps.Whole.Gradient.COPYD2H",
            "ts": 1589687040179639,
            "dur": 9181,
            "tid": "0",
            "cat": "Comm"
        },
        {
            "ph": "X",
            "args": {
                "name": "Comm.byteps.Whole.Gradient"
            },
            "pid": "Comm.byteps.Whole.Gradient",
            "name": "Comm.byteps.Whole.Gradient.COPYD2H",
            "ts": 1589687042777405,
            "dur": 9066,
            "tid": "0",
            "cat": "Comm"
        },
        {
            "ph": "X",
            "args": {
                "name": "Comm.byteps.Whole.Gradient"
            },
            "pid": "Comm.byteps.Whole.Gradient",
            "name": "Comm.byteps.Whole.Gradient.COPYD2H",
            "ts": 1589687045437055,
            "dur": 9188,
            "tid": "0",
            "cat": "Comm"
        },
        {
            "ph": "X",
            "args": {
                "name": "Comm.byteps.Whole.Gradient"
            },
            "pid": "Comm.byteps.Whole.Gradient",
            "name": "Comm.byteps.Whole.Gradient.COPYD2H",
            "ts": 1589687048112153,
            "dur": 9152,
            "tid": "0",
            "cat": "Comm"
        },
        {
            "ph": "X",
            "args": {
                "name": "Comm.byteps.Whole.Gradient"
            },
            "pid": "Comm.byteps.Whole.Gradient",
            "name": "Comm.byteps.Whole.Gradient.COPYD2H",
            "ts": 1589687050750598,
            "dur": 9163,
            "tid": "0",
            "cat": "Comm"
        },
        {
            "ph": "X",
            "args": {
                "name": "Comm.byteps.Whole.Gradient"
            },
            "pid": "Comm.byteps.Whole.Gradient",
            "name": "Comm.byteps.Whole.Gradient.COPYD2H",
            "ts": 1589687053416487,
            "dur": 9149,
            "tid": "0",
            "cat": "Comm"
        },
        {
            "ph": "X",
            "args": {
                "name": "Comm.byteps.Whole.Gradient"
            },
            "pid": "Comm.byteps.Whole.Gradient",
            "name": "Comm.byteps.Whole.Gradient.COPYD2H",
            "ts": 1589687056042929,
            "dur": 8931,
            "tid": "0",
            "cat": "Comm"
        },
        {
            "ph": "X",
            "args": {
                "name": "Comm.byteps.Whole.Gradient"
            },
            "pid": "Comm.byteps.Whole.Gradient",
            "name": "Comm.byteps.Whole.Gradient.COPYD2H",
            "ts": 1589687058672112,
            "dur": 9121,
            "tid": "0",
            "cat": "Comm"
        },
        {
            "ph": "X",
            "args": {
                "name": "Comm.byteps.Whole.Gradient"
            },
            "pid": "Comm.byteps.Whole.Gradient",
            "name": "Comm.byteps.Whole.Gradient.COPYD2H",
            "ts": 1589687061426786,
            "dur": 9005,
            "tid": "0",
            "cat": "Comm"
        },
        {
            "ph": "X",
            "args": {
                "name": "Comm.byteps.Whole.Gradient"
            },
            "pid": "Comm.byteps.Whole.Gradient",
            "name": "Comm.byteps.Whole.Gradient.COPYD2H",
            "ts": 1589687063990107,
            "dur": 9191,
            "tid": "0",
            "cat": "Comm"
        },
        {
            "ph": "X",
            "args": {
                "name": "Comm.byteps.Whole.Gradient"
            },
            "pid": "Comm.byteps.Whole.Gradient",
            "name": "Comm.byteps.Whole.Gradient.COPYD2H",
            "ts": 1589687066764742,
            "dur": 9128,
            "tid": "0",
            "cat": "Comm"
        },
        {
            "ph": "X",
            "args": {
                "name": "Comm.byteps.Whole.Gradient"
            },
            "pid": "Comm.byteps.Whole.Gradient",
            "name": "Comm.byteps.Whole.Gradient.COORDINATE_PUSH",
            "ts": 1589687040188845,
            "dur": 3,
            "tid": "0",
            "cat": "Comm"
        },
        {
            "ph": "X",
            "args": {
                "name": "Comm.byteps.Whole.Gradient"
            },
            "pid": "Comm.byteps.Whole.Gradient",
            "name": "Comm.byteps.Whole.Gradient.COORDINATE_PUSH",
            "ts": 1589687042786535,
            "dur": 3,
            "tid": "0",
            "cat": "Comm"
        },
        {
            "ph": "X",
            "args": {
                "name": "Comm.byteps.Whole.Gradient"
            },
            "pid": "Comm.byteps.Whole.Gradient",
            "name": "Comm.byteps.Whole.Gradient.COORDINATE_PUSH",
            "ts": 1589687045446317,
            "dur": 2,
            "tid": "0",
            "cat": "Comm"
        },
        {
            "ph": "X",
            "args": {
                "name": "Comm.byteps.Whole.Gradient"
            },
            "pid": "Comm.byteps.Whole.Gradient",
            "name": "Comm.byteps.Whole.Gradient.COORDINATE_PUSH",
            "ts": 1589687048121339,
            "dur": 3,
            "tid": "0",
            "cat": "Comm"
        },
        {
            "ph": "X",
            "args": {
                "name": "Comm.byteps.Whole.Gradient"
            },
            "pid": "Comm.byteps.Whole.Gradient",
            "name": "Comm.byteps.Whole.Gradient.COORDINATE_PUSH",
            "ts": 1589687050759823,
            "dur": 3,
            "tid": "0",
            "cat": "Comm"
        },
        {
            "ph": "X",
            "args": {
                "name": "Comm.byteps.Whole.Gradient"
            },
            "pid": "Comm.byteps.Whole.Gradient",
            "name": "Comm.byteps.Whole.Gradient.COORDINATE_PUSH",
            "ts": 1589687053425677,
            "dur": 2,
            "tid": "0",
            "cat": "Comm"
        },
        {
            "ph": "X",
            "args": {
                "name": "Comm.byteps.Whole.Gradient"
            },
            "pid": "Comm.byteps.Whole.Gradient",
            "name": "Comm.byteps.Whole.Gradient.COORDINATE_PUSH",
            "ts": 1589687056051889,
            "dur": 3,
            "tid": "0",
            "cat": "Comm"
        },
        {
            "ph": "X",
            "args": {
                "name": "Comm.byteps.Whole.Gradient"
            },
            "pid": "Comm.byteps.Whole.Gradient",
            "name": "Comm.byteps.Whole.Gradient.COORDINATE_PUSH",
            "ts": 1589687058681298,
            "dur": 2,
            "tid": "0",
            "cat": "Comm"
        },
        {
            "ph": "X",
            "args": {
                "name": "Comm.byteps.Whole.Gradient"
            },
            "pid": "Comm.byteps.Whole.Gradient",
            "name": "Comm.byteps.Whole.Gradient.COORDINATE_PUSH",
            "ts": 1589687061435862,
            "dur": 3,
            "tid": "0",
            "cat": "Comm"
        },
        {
            "ph": "X",
            "args": {
                "name": "Comm.byteps.Whole.Gradient"
            },
            "pid": "Comm.byteps.Whole.Gradient",
            "name": "Comm.byteps.Whole.Gradient.COORDINATE_PUSH",
            "ts": 1589687063999330,
            "dur": 2,
            "tid": "0",
            "cat": "Comm"
        },
        {
            "ph": "X",
            "args": {
                "name": "Comm.byteps.Whole.Gradient"
            },
            "pid": "Comm.byteps.Whole.Gradient",
            "name": "Comm.byteps.Whole.Gradient.COORDINATE_PUSH",
            "ts": 1589687066773900,
            "dur": 2,
            "tid": "0",
            "cat": "Comm"
        }

    ],
    "displayTimeUnit": "ms"
}
