{
    "traceEvents": [
        {
            "ph": "X",
            "args": {
                "name": "Comm.byteps.Whole.Gradient"
            },
            "pid": "Comm.byteps.Whole.Gradient",
            "name": "Comm.byteps.Whole.Gradient",
            "ts": 1589687574574625,
            "dur": 2677113,
            "tid": "total",
            "cat": "Comm"
        },
        {
            "ph": "X",
            "args": {
                "name": "Comm.byteps.Whole.Gradient"
            },
            "pid": "Comm.byteps.Whole.Gradient",
            "name": "Comm.byteps.Whole.Gradient",
            "ts": 1589687577274415,
            "dur": 2678648,
            "tid": "total",
            "cat": "Comm"
        },
        {
            "ph": "X",
            "args": {
                "name": "Comm.byteps.Whole.Gradient"
            },
            "pid": "Comm.byteps.Whole.Gradient",
            "name": "Comm.byteps.Whole.Gradient",
            "ts": 1589687579973375,
            "dur": 2611218,
            "tid": "total",
            "cat": "Comm"
        },
        {
            "ph": "X",
            "args": {
                "name": "Comm.byteps.Whole.Gradient"
            },
            "pid": "Comm.byteps.Whole.Gradient",
            "name": "Comm.byteps.Whole.Gradient",
            "ts": 1589687582602377,
            "dur": 2792819,
            "tid": "total",
            "cat": "Comm"
        },
        {
            "ph": "X",
            "args": {
                "name": "Comm.byteps.Whole.Gradient"
            },
            "pid": "Comm.byteps.Whole.Gradient",
            "name": "Comm.byteps.Whole.Gradient",
            "ts": 1589687585415237,
            "dur": 2694154,
            "tid": "total",
            "cat": "Comm"
        },
        {
            "ph": "X",
            "args": {
                "name": "Comm.byteps.Whole.Gradient"
            },
            "pid": "Comm.byteps.Whole.Gradient",
            "name": "Comm.byteps.Whole.Gradient",
            "ts": 1589687588132951,
            "dur": 2367039,
            "tid": "total",
            "cat": "Comm"
        },
        {
            "ph": "X",
            "args": {
                "name": "Comm.byteps.Whole.Gradient"
            },
            "pid": "Comm.byteps.Whole.Gradient",
            "name": "Comm.byteps.Whole.Gradient",
            "ts": 1589687590522943,
            "dur": 2722645,
            "tid": "total",
            "cat": "Comm"
        },
        {
            "ph": "X",
            "args": {
                "name": "Comm.byteps.Whole.Gradient"
            },
            "pid": "Comm.byteps.Whole.Gradient",
            "name": "Comm.byteps.Whole.Gradient",
            "ts": 1589687593265726,
            "dur": 2660964,
            "tid": "total",
            "cat": "Comm"
        },
        {
            "ph": "X",
            "args": {
                "name": "Comm.byteps.Whole.Gradient"
            },
            "pid": "Comm.byteps.Whole.Gradient",
            "name": "Comm.byteps.Whole.Gradient",
            "ts": 1589687595945241,
            "dur": 2669739,
            "tid": "total",
            "cat": "Comm"
        },
        {
            "ph": "X",
            "args": {
                "name": "Comm.byteps.Whole.Gradient"
            },
            "pid": "Comm.byteps.Whole.Gradient",
            "name": "Comm.byteps.Whole.Gradient",
            "ts": 1589687598634325,
            "dur": 2655661,
            "tid": "total",
            "cat": "Comm"
        },
        {
            "ph": "X",
            "args": {
                "name": "Comm.byteps.Whole.Gradient"
            },
            "pid": "Comm.byteps.Whole.Gradient",
            "name": "Comm.byteps.Whole.Gradient",
            "ts": 1589687601308387,
            "dur": 2422179,
            "tid": "total",
            "cat": "Comm"
        },
        {
            "ph": "X",
            "args": {
                "name": "Comm.byteps.Whole.Gradient"
            },
            "pid": "Comm.byteps.Whole.Gradient",
            "name": "Comm.byteps.Whole.Gradient.BROADCAST",
            "ts": 1589687576673795,
            "dur": 577632,
            "tid": "0",
            "cat": "Comm"
        },
        {
            "ph": "X",
            "args": {
                "name": "Comm.byteps.Whole.Gradient"
            },
            "pid": "Comm.byteps.Whole.Gradient",
            "name": "Comm.byteps.Whole.Gradient.BROADCAST",
            "ts": 1589687579371275,
            "dur": 581320,
            "tid": "0",
            "cat": "Comm"
        },
        {
            "ph": "X",
            "args": {
                "name": "Comm.byteps.Whole.Gradient"
            },
            "pid": "Comm.byteps.Whole.Gradient",
            "name": "Comm.byteps.Whole.Gradient.BROADCAST",
            "ts": 1589687582008299,
            "dur": 575872,
            "tid": "0",
            "cat": "Comm"
        },
        {
            "ph": "X",
            "args": {
                "name": "Comm.byteps.Whole.Gradient"
            },
            "pid": "Comm.byteps.Whole.Gradient",
            "name": "Comm.byteps.Whole.Gradient.BROADCAST",
            "ts": 1589687584816733,
            "dur": 578124,
            "tid": "0",
            "cat": "Comm"
        },
        {
            "ph": "X",
            "args": {
                "name": "Comm.byteps.Whole.Gradient"
            },
            "pid": "Comm.byteps.Whole.Gradient",
            "name": "Comm.byteps.Whole.Gradient.BROADCAST",
            "ts": 1589687587532082,
            "dur": 576885,
            "tid": "0",
            "cat": "Comm"
        },
        {
            "ph": "X",
            "args": {
                "name": "Comm.byteps.Whole.Gradient"
            },
            "pid": "Comm.byteps.Whole.Gradient",
            "name": "Comm.byteps.Whole.Gradient.BROADCAST",
            "ts": 1589687589940703,
            "dur": 559127,
            "tid": "0",
            "cat": "Comm"
        },
        {
            "ph": "X",
            "args": {
                "name": "Comm.byteps.Whole.Gradient"
            },
            "pid": "Comm.byteps.Whole.Gradient",
            "name": "Comm.byteps.Whole.Gradient.BROADCAST",
            "ts": 1589687592669660,
            "dur": 575722,
            "tid": "0",
            "cat": "Comm"
        },
        {
            "ph": "X",
            "args": {
                "name": "Comm.byteps.Whole.Gradient"
            },
            "pid": "Comm.byteps.Whole.Gradient",
            "name": "Comm.byteps.Whole.Gradient.BROADCAST",
            "ts": 1589687595350484,
            "dur": 576023,
            "tid": "0",
            "cat": "Comm"
        },
        {
            "ph": "X",
            "args": {
                "name": "Comm.byteps.Whole.Gradient"
            },
            "pid": "Comm.byteps.Whole.Gradient",
            "name": "Comm.byteps.Whole.Gradient.BROADCAST",
            "ts": 1589687598036070,
            "dur": 578575,
            "tid": "0",
            "cat": "Comm"
        },
        {
            "ph": "X",
            "args": {
                "name": "Comm.byteps.Whole.Gradient"
            },
            "pid": "Comm.byteps.Whole.Gradient",
            "name": "Comm.byteps.Whole.Gradient.BROADCAST",
            "ts": 1589687600715065,
            "dur": 574618,
            "tid": "0",
            "cat": "Comm"
        },
        {
            "ph": "X",
            "args": {
                "name": "Comm.byteps.Whole.Gradient"
            },
            "pid": "Comm.byteps.Whole.Gradient",
            "name": "Comm.byteps.Whole.Gradient.BROADCAST",
            "ts": 1589687603170070,
            "dur": 560332,
            "tid": "0",
            "cat": "Comm"
        },
        {
            "ph": "X",
            "args": {
                "name": "Comm.byteps.Whole.Gradient"
            },
            "pid": "Comm.byteps.Whole.Gradient",
            "name": "Comm.byteps.Whole.Gradient.COPYH2D",
            "ts": 1589687576638600,
            "dur": 35130,
            "tid": "0",
            "cat": "Comm"
        },
        {
            "ph": "X",
            "args": {
                "name": "Comm.byteps.Whole.Gradient"
            },
            "pid": "Comm.byteps.Whole.Gradient",
            "name": "Comm.byteps.Whole.Gradient.COPYH2D",
            "ts": 1589687579343127,
            "dur": 27732,
            "tid": "0",
            "cat": "Comm"
        },
        {
            "ph": "X",
            "args": {
                "name": "Comm.byteps.Whole.Gradient"
            },
            "pid": "Comm.byteps.Whole.Gradient",
            "name": "Comm.byteps.Whole.Gradient.COPYH2D",
            "ts": 1589687581983177,
            "dur": 25040,
            "tid": "0",
            "cat": "Comm"
        },
        {
            "ph": "X",
            "args": {
                "name": "Comm.byteps.Whole.Gradient"
            },
            "pid": "Comm.byteps.Whole.Gradient",
            "name": "Comm.byteps.Whole.Gradient.COPYH2D",
            "ts": 1589687584788296,
            "dur": 28206,
            "tid": "0",
            "cat": "Comm"
        },
        {
            "ph": "X",
            "args": {
                "name": "Comm.byteps.Whole.Gradient"
            },
            "pid": "Comm.byteps.Whole.Gradient",
            "name": "Comm.byteps.Whole.Gradient.COPYH2D",
            "ts": 1589687587505624,
            "dur": 26084,
            "tid": "0",
            "cat": "Comm"
        },
        {
            "ph": "X",
            "args": {
                "name": "Comm.byteps.Whole.Gradient"
            },
            "pid": "Comm.byteps.Whole.Gradient",
            "name": "Comm.byteps.Whole.Gradient.COPYH2D",
            "ts": 1589687589930361,
            "dur": 10097,
            "tid": "0",
            "cat": "Comm"
        },
        {
            "ph": "X",
            "args": {
                "name": "Comm.byteps.Whole.Gradient"
            },
            "pid": "Comm.byteps.Whole.Gradient",
            "name": "Comm.byteps.Whole.Gradient.COPYH2D",
            "ts": 1589687592645082,
            "dur": 24534,
            "tid": "0",
            "cat": "Comm"
        },
        {
            "ph": "X",
            "args": {
                "name": "Comm.byteps.Whole.Gradient"
            },
            "pid": "Comm.byteps.Whole.Gradient",
            "name": "Comm.byteps.Whole.Gradient.COPYH2D",
            "ts": 1589687595340011,
            "dur": 9897,
            "tid": "0",
            "cat": "Comm"
        },
        {
            "ph": "X",
            "args": {
                "name": "Comm.byteps.Whole.Gradient"
            },
            "pid": "Comm.byteps.Whole.Gradient",
            "name": "Comm.byteps.Whole.Gradient.COPYH2D",
            "ts": 1589687598025751,
            "dur": 9972,
            "tid": "0",
            "cat": "Comm"
        },
        {
            "ph": "X",
            "args": {
                "name": "Comm.byteps.Whole.Gradient"
            },
            "pid": "Comm.byteps.Whole.Gradient",
            "name": "Comm.byteps.Whole.Gradient.COPYH2D",
            "ts": 1589687600680315,
            "dur": 34447,
            "tid": "0",
            "cat": "Comm"
        },
        {
            "ph": "X",
            "args": {
                "name": "Comm.byteps.Whole.Gradient"
            },
            "pid": "Comm.byteps.Whole.Gradient",
            "name": "Comm.byteps.Whole.Gradient.COPYH2D",
            "ts": 1589687603159643,
            "dur": 9987,
            "tid": "0",
            "cat": "Comm"
        },
        {
            "ph": "X",
            "args": {
                "name": "Comm.byteps.Whole.Gradient"
            },
            "pid": "Comm.byteps.Whole.Gradient",
            "name": "Comm.byteps.Whole.Gradient.REDUCE",
            "ts": 1589687574607635,
            "dur": 148470,
            "tid": "0",
            "cat": "Comm"
        },
        {
            "ph": "X",
            "args": {
                "name": "Comm.byteps.Whole.Gradient"
            },
            "pid": "Comm.byteps.Whole.Gradient",
            "name": "Comm.byteps.Whole.Gradient.REDUCE",
            "ts": 1589687577300174,
            "dur": 148678,
            "tid": "0",
            "cat": "Comm"
        },
        {
            "ph": "X",
            "args": {
                "name": "Comm.byteps.Whole.Gradient"
            },
            "pid": "Comm.byteps.Whole.Gradient",
            "name": "Comm.byteps.Whole.Gradient.REDUCE",
            "ts": 1589687580004548,
            "dur": 148590,
            "tid": "0",
            "cat": "Comm"
        },
        {
            "ph": "X",
            "args": {
                "name": "Comm.byteps.Whole.Gradient"
            },
            "pid": "Comm.byteps.Whole.Gradient",
            "name": "Comm.byteps.Whole.Gradient.REDUCE",
            "ts": 1589687582634612,
            "dur": 148737,
            "tid": "0",
            "cat": "Comm"
        },
        {
            "ph": "X",
            "args": {
                "name": "Comm.byteps.Whole.Gradient"
            },
            "pid": "Comm.byteps.Whole.Gradient",
            "name": "Comm.byteps.Whole.Gradient.REDUCE",
            "ts": 1589687585445223,
            "dur": 149285,
            "tid": "0",
            "cat": "Comm"
        },
        {
            "ph": "X",
            "args": {
                "name": "Comm.byteps.Whole.Gradient"
            },
            "pid": "Comm.byteps.Whole.Gradient",
            "name": "Comm.byteps.Whole.Gradient.REDUCE",
            "ts": 1589687588160552,
            "dur": 149104,
            "tid": "0",
            "cat": "Comm"
        },
        {
            "ph": "X",
            "args": {
                "name": "Comm.byteps.Whole.Gradient"
            },
            "pid": "Comm.byteps.Whole.Gradient",
            "name": "Comm.byteps.Whole.Gradient.REDUCE",
            "ts": 1589687590550064,
            "dur": 149102,
            "tid": "0",
            "cat": "Comm"
        },
        {
            "ph": "X",
            "args": {
                "name": "Comm.byteps.Whole.Gradient"
            },
            "pid": "Comm.byteps.Whole.Gradient",
            "name": "Comm.byteps.Whole.Gradient.REDUCE",
            "ts": 1589687593294504,
            "dur": 149973,
            "tid": "0",
            "cat": "Comm"
        },
        {
            "ph": "X",
            "args": {
                "name": "Comm.byteps.Whole.Gradient"
            },
            "pid": "Comm.byteps.Whole.Gradient",
            "name": "Comm.byteps.Whole.Gradient.REDUCE",
            "ts": 1589687595979694,
            "dur": 148037,
            "tid": "0",
            "cat": "Comm"
        },
        {
            "ph": "X",
            "args": {
                "name": "Comm.byteps.Whole.Gradient"
            },
            "pid": "Comm.byteps.Whole.Gradient",
            "name": "Comm.byteps.Whole.Gradient.REDUCE",
            "ts": 1589687598664219,
            "dur": 149706,
            "tid": "0",
            "cat": "Comm"
        },
        {
            "ph": "X",
            "args": {
                "name": "Comm.byteps.Whole.Gradient"
            },
            "pid": "Comm.byteps.Whole.Gradient",
            "name": "Comm.byteps.Whole.Gradient.REDUCE",
            "ts": 1589687601344123,
            "dur": 149051,
            "tid": "0",
            "cat": "Comm"
        },
        {
            "ph": "X",
            "args": {
                "name": "Comm.byteps.Whole.Gradient"
            },
            "pid": "Comm.byteps.Whole.Gradient",
            "name": "Comm.byteps.Whole.Gradient.PULL",
            "ts": 1589687575614078,
            "dur": 1024442,
            "tid": "0",
            "cat": "Comm"
        },
        {
            "ph": "X",
            "args": {
                "name": "Comm.byteps.Whole.Gradient"
            },
            "pid": "Comm.byteps.Whole.Gradient",
            "name": "Comm.byteps.Whole.Gradient.PULL",
            "ts": 1589687578282992,
            "dur": 1060011,
            "tid": "0",
            "cat": "Comm"
        },
        {
            "ph": "X",
            "args": {
                "name": "Comm.byteps.Whole.Gradient"
            },
            "pid": "Comm.byteps.Whole.Gradient",
            "name": "Comm.byteps.Whole.Gradient.PULL",
            "ts": 1589687580935685,
            "dur": 1047387,
            "tid": "0",
            "cat": "Comm"
        },
        {
            "ph": "X",
            "args": {
                "name": "Comm.byteps.Whole.Gradient"
            },
            "pid": "Comm.byteps.Whole.Gradient",
            "name": "Comm.byteps.Whole.Gradient.PULL",
            "ts": 1589687583613379,
            "dur": 1174872,
            "tid": "0",
            "cat": "Comm"
        },
        {
            "ph": "X",
            "args": {
                "name": "Comm.byteps.Whole.Gradient"
            },
            "pid": "Comm.byteps.Whole.Gradient",
            "name": "Comm.byteps.Whole.Gradient.PULL",
            "ts": 1589687586313250,
            "dur": 1192288,
            "tid": "0",
            "cat": "Comm"
        },
        {
            "ph": "X",
            "args": {
                "name": "Comm.byteps.Whole.Gradient"
            },
            "pid": "Comm.byteps.Whole.Gradient",
            "name": "Comm.byteps.Whole.Gradient.PULL",
            "ts": 1589687589169281,
            "dur": 760990,
            "tid": "0",
            "cat": "Comm"
        },
        {
            "ph": "X",
            "args": {
                "name": "Comm.byteps.Whole.Gradient"
            },
            "pid": "Comm.byteps.Whole.Gradient",
            "name": "Comm.byteps.Whole.Gradient.PULL",
            "ts": 1589687591412771,
            "dur": 1232273,
            "tid": "0",
            "cat": "Comm"
        },
        {
            "ph": "X",
            "args": {
                "name": "Comm.byteps.Whole.Gradient"
            },
            "pid": "Comm.byteps.Whole.Gradient",
            "name": "Comm.byteps.Whole.Gradient.PULL",
            "ts": 1589687594352728,
            "dur": 987198,
            "tid": "0",
            "cat": "Comm"
        },
        {
            "ph": "X",
            "args": {
                "name": "Comm.byteps.Whole.Gradient"
            },
            "pid": "Comm.byteps.Whole.Gradient",
            "name": "Comm.byteps.Whole.Gradient.PULL",
            "ts": 1589687596973255,
            "dur": 1052464,
            "tid": "0",
            "cat": "Comm"
        },
        {
            "ph": "X",
            "args": {
                "name": "Comm.byteps.Whole.Gradient"
            },
            "pid": "Comm.byteps.Whole.Gradient",
            "name": "Comm.byteps.Whole.Gradient.PULL",
            "ts": 1589687599712848,
            "dur": 967337,
            "tid": "0",
            "cat": "Comm"
        },
        {
            "ph": "X",
            "args": {
                "name": "Comm.byteps.Whole.Gradient"
            },
            "pid": "Comm.byteps.Whole.Gradient",
            "name": "Comm.byteps.Whole.Gradient.PULL",
            "ts": 1589687602363390,
            "dur": 796187,
            "tid": "0",
            "cat": "Comm"
        },
        {
            "ph": "X",
            "args": {
                "name": "Comm.byteps.Whole.Gradient"
            },
            "pid": "Comm.byteps.Whole.Gradient",
            "name": "Comm.byteps.Whole.Gradient.COPYD2H",
            "ts": 1589687574756172,
            "dur": 9234,
            "tid": "0",
            "cat": "Comm"
        },
        {
            "ph": "X",
            "args": {
                "name": "Comm.byteps.Whole.Gradient"
            },
            "pid": "Comm.byteps.Whole.Gradient",
            "name": "Comm.byteps.Whole.Gradient.COPYD2H",
            "ts": 1589687577448915,
            "dur": 9294,
            "tid": "0",
            "cat": "Comm"
        },
        {
            "ph": "X",
            "args": {
                "name": "Comm.byteps.Whole.Gradient"
            },
            "pid": "Comm.byteps.Whole.Gradient",
            "name": "Comm.byteps.Whole.Gradient.COPYD2H",
            "ts": 1589687580153190,
            "dur": 9071,
            "tid": "0",
            "cat": "Comm"
        },
        {
            "ph": "X",
            "args": {
                "name": "Comm.byteps.Whole.Gradient"
            },
            "pid": "Comm.byteps.Whole.Gradient",
            "name": "Comm.byteps.Whole.Gradient.COPYD2H",
            "ts": 1589687582783449,
            "dur": 9297,
            "tid": "0",
            "cat": "Comm"
        },
        {
            "ph": "X",
            "args": {
                "name": "Comm.byteps.Whole.Gradient"
            },
            "pid": "Comm.byteps.Whole.Gradient",
            "name": "Comm.byteps.Whole.Gradient.COPYD2H",
            "ts": 1589687585594562,
            "dur": 9141,
            "tid": "0",
            "cat": "Comm"
        },
        {
            "ph": "X",
            "args": {
                "name": "Comm.byteps.Whole.Gradient"
            },
            "pid": "Comm.byteps.Whole.Gradient",
            "name": "Comm.byteps.Whole.Gradient.COPYD2H",
            "ts": 1589687588309722,
            "dur": 9363,
            "tid": "0",
            "cat": "Comm"
        },
        {
            "ph": "X",
            "args": {
                "name": "Comm.byteps.Whole.Gradient"
            },
            "pid": "Comm.byteps.Whole.Gradient",
            "name": "Comm.byteps.Whole.Gradient.COPYD2H",
            "ts": 1589687590699226,
            "dur": 9210,
            "tid": "0",
            "cat": "Comm"
        },
        {
            "ph": "X",
            "args": {
                "name": "Comm.byteps.Whole.Gradient"
            },
            "pid": "Comm.byteps.Whole.Gradient",
            "name": "Comm.byteps.Whole.Gradient.COPYD2H",
            "ts": 1589687593444561,
            "dur": 9168,
            "tid": "0",
            "cat": "Comm"
        },
        {
            "ph": "X",
            "args": {
                "name": "Comm.byteps.Whole.Gradient"
            },
            "pid": "Comm.byteps.Whole.Gradient",
            "name": "Comm.byteps.Whole.Gradient.COPYD2H",
            "ts": 1589687596127774,
            "dur": 9136,
            "tid": "0",
            "cat": "Comm"
        },
        {
            "ph": "X",
            "args": {
                "name": "Comm.byteps.Whole.Gradient"
            },
            "pid": "Comm.byteps.Whole.Gradient",
            "name": "Comm.byteps.Whole.Gradient.COPYD2H",
            "ts": 1589687598814013,
            "dur": 9182,
            "tid": "0",
            "cat": "Comm"
        },
        {
            "ph": "X",
            "args": {
                "name": "Comm.byteps.Whole.Gradient"
            },
            "pid": "Comm.byteps.Whole.Gradient",
            "name": "Comm.byteps.Whole.Gradient.COPYD2H",
            "ts": 1589687601493313,
            "dur": 9117,
            "tid": "0",
            "cat": "Comm"
        },
        {
            "ph": "X",
            "args": {
                "name": "Comm.byteps.Whole.Gradient"
            },
            "pid": "Comm.byteps.Whole.Gradient",
            "name": "Comm.byteps.Whole.Gradient.PUSH",
            "ts": 1589687574765648,
            "dur": 848386,
            "tid": "0",
            "cat": "Comm"
        },
        {
            "ph": "X",
            "args": {
                "name": "Comm.byteps.Whole.Gradient"
            },
            "pid": "Comm.byteps.Whole.Gradient",
            "name": "Comm.byteps.Whole.Gradient.PUSH",
            "ts": 1589687577458435,
            "dur": 824397,
            "tid": "0",
            "cat": "Comm"
        },
        {
            "ph": "X",
            "args": {
                "name": "Comm.byteps.Whole.Gradient"
            },
            "pid": "Comm.byteps.Whole.Gradient",
            "name": "Comm.byteps.Whole.Gradient.PUSH",
            "ts": 1589687580162340,
            "dur": 773229,
            "tid": "0",
            "cat": "Comm"
        },
        {
            "ph": "X",
            "args": {
                "name": "Comm.byteps.Whole.Gradient"
            },
            "pid": "Comm.byteps.Whole.Gradient",
            "name": "Comm.byteps.Whole.Gradient.PUSH",
            "ts": 1589687582792773,
            "dur": 820531,
            "tid": "0",
            "cat": "Comm"
        },
        {
            "ph": "X",
            "args": {
                "name": "Comm.byteps.Whole.Gradient"
            },
            "pid": "Comm.byteps.Whole.Gradient",
            "name": "Comm.byteps.Whole.Gradient.PUSH",
            "ts": 1589687585603739,
            "dur": 709423,
            "tid": "0",
            "cat": "Comm"
        },
        {
            "ph": "X",
            "args": {
                "name": "Comm.byteps.Whole.Gradient"
            },
            "pid": "Comm.byteps.Whole.Gradient",
            "name": "Comm.byteps.Whole.Gradient.PUSH",
            "ts": 1589687588319240,
            "dur": 849957,
            "tid": "0",
            "cat": "Comm"
        },
        {
            "ph": "X",
            "args": {
                "name": "Comm.byteps.Whole.Gradient"
            },
            "pid": "Comm.byteps.Whole.Gradient",
            "name": "Comm.byteps.Whole.Gradient.PUSH",
            "ts": 1589687590708518,
            "dur": 704202,
            "tid": "0",
            "cat": "Comm"
        },
        {
            "ph": "X",
            "args": {
                "name": "Comm.byteps.Whole.Gradient"
            },
            "pid": "Comm.byteps.Whole.Gradient",
            "name": "Comm.byteps.Whole.Gradient.PUSH",
            "ts": 1589687593453779,
            "dur": 898851,
            "tid": "0",
            "cat": "Comm"
        },
        {
            "ph": "X",
            "args": {
                "name": "Comm.byteps.Whole.Gradient"
            },
            "pid": "Comm.byteps.Whole.Gradient",
            "name": "Comm.byteps.Whole.Gradient.PUSH",
            "ts": 1589687596136950,
            "dur": 836244,
            "tid": "0",
            "cat": "Comm"
        },
        {
            "ph": "X",
            "args": {
                "name": "Comm.byteps.Whole.Gradient"
            },
            "pid": "Comm.byteps.Whole.Gradient",
            "name": "Comm.byteps.Whole.Gradient.PUSH",
            "ts": 1589687598823366,
            "dur": 889401,
            "tid": "0",
            "cat": "Comm"
        },
        {
            "ph": "X",
            "args": {
                "name": "Comm.byteps.Whole.Gradient"
            },
            "pid": "Comm.byteps.Whole.Gradient",
            "name": "Comm.byteps.Whole.Gradient.PUSH",
            "ts": 1589687601502549,
            "dur": 860730,
            "tid": "0",
            "cat": "Comm"
        }

    ],
    "displayTimeUnit": "ms"
}
