{
    "traceEvents": [
        {
            "ph": "X",
            "args": {
                "name": "Comm.byteps.Whole.Gradient"
            },
            "pid": "Comm.byteps.Whole.Gradient",
            "name": "Comm.byteps.Whole.Gradient",
            "ts": 1589707780043312,
            "dur": 192581,
            "tid": "total",
            "cat": "Comm"
        },
        {
            "ph": "X",
            "args": {
                "name": "Comm.byteps.Whole.Gradient"
            },
            "pid": "Comm.byteps.Whole.Gradient",
            "name": "Comm.byteps.Whole.Gradient",
            "ts": 1589707780397581,
            "dur": 200949,
            "tid": "total",
            "cat": "Comm"
        },
        {
            "ph": "X",
            "args": {
                "name": "Comm.byteps.Whole.Gradient"
            },
            "pid": "Comm.byteps.Whole.Gradient",
            "name": "Comm.byteps.Whole.Gradient",
            "ts": 1589707780778144,
            "dur": 179606,
            "tid": "total",
            "cat": "Comm"
        },
        {
            "ph": "X",
            "args": {
                "name": "Comm.byteps.Whole.Gradient"
            },
            "pid": "Comm.byteps.Whole.Gradient",
            "name": "Comm.byteps.Whole.Gradient",
            "ts": 1589707781120575,
            "dur": 192247,
            "tid": "total",
            "cat": "Comm"
        },
        {
            "ph": "X",
            "args": {
                "name": "Comm.byteps.Whole.Gradient"
            },
            "pid": "Comm.byteps.Whole.Gradient",
            "name": "Comm.byteps.Whole.Gradient",
            "ts": 1589707781474900,
            "dur": 197266,
            "tid": "total",
            "cat": "Comm"
        },
        {
            "ph": "X",
            "args": {
                "name": "Comm.byteps.Whole.Gradient"
            },
            "pid": "Comm.byteps.Whole.Gradient",
            "name": "Comm.byteps.Whole.Gradient",
            "ts": 1589707781837311,
            "dur": 186809,
            "tid": "total",
            "cat": "Comm"
        },
        {
            "ph": "X",
            "args": {
                "name": "Comm.byteps.Whole.Gradient"
            },
            "pid": "Comm.byteps.Whole.Gradient",
            "name": "Comm.byteps.Whole.Gradient",
            "ts": 1589707782197367,
            "dur": 632590,
            "tid": "total",
            "cat": "Comm"
        },
        {
            "ph": "X",
            "args": {
                "name": "Comm.byteps.Whole.Gradient"
            },
            "pid": "Comm.byteps.Whole.Gradient",
            "name": "Comm.byteps.Whole.Gradient",
            "ts": 1589707783007797,
            "dur": 188038,
            "tid": "total",
            "cat": "Comm"
        },
        {
            "ph": "X",
            "args": {
                "name": "Comm.byteps.Whole.Gradient"
            },
            "pid": "Comm.byteps.Whole.Gradient",
            "name": "Comm.byteps.Whole.Gradient",
            "ts": 1589707783368040,
            "dur": 189287,
            "tid": "total",
            "cat": "Comm"
        },
        {
            "ph": "X",
            "args": {
                "name": "Comm.byteps.Whole.Gradient"
            },
            "pid": "Comm.byteps.Whole.Gradient",
            "name": "Comm.byteps.Whole.Gradient",
            "ts": 1589707783710129,
            "dur": 207376,
            "tid": "total",
            "cat": "Comm"
        },
        {
            "ph": "X",
            "args": {
                "name": "Comm.byteps.Whole.Gradient"
            },
            "pid": "Comm.byteps.Whole.Gradient",
            "name": "Comm.byteps.Whole.Gradient",
            "ts": 1589707784065387,
            "dur": 209006,
            "tid": "total",
            "cat": "Comm"
        },
        {
            "ph": "X",
            "args": {
                "name": "Comm.byteps.Whole.Gradient"
            },
            "pid": "Comm.byteps.Whole.Gradient",
            "name": "Comm.byteps.Whole.Gradient.BROADCAST",
            "ts": 1589707780166757,
            "dur": 68994,
            "tid": "0",
            "cat": "Comm"
        },
        {
            "ph": "X",
            "args": {
                "name": "Comm.byteps.Whole.Gradient"
            },
            "pid": "Comm.byteps.Whole.Gradient",
            "name": "Comm.byteps.Whole.Gradient.BROADCAST",
            "ts": 1589707780529687,
            "dur": 68730,
            "tid": "0",
            "cat": "Comm"
        },
        {
            "ph": "X",
            "args": {
                "name": "Comm.byteps.Whole.Gradient"
            },
            "pid": "Comm.byteps.Whole.Gradient",
            "name": "Comm.byteps.Whole.Gradient.BROADCAST",
            "ts": 1589707780888868,
            "dur": 68714,
            "tid": "0",
            "cat": "Comm"
        },
        {
            "ph": "X",
            "args": {
                "name": "Comm.byteps.Whole.Gradient"
            },
            "pid": "Comm.byteps.Whole.Gradient",
            "name": "Comm.byteps.Whole.Gradient.BROADCAST",
            "ts": 1589707781244159,
            "dur": 68582,
            "tid": "0",
            "cat": "Comm"
        },
        {
            "ph": "X",
            "args": {
                "name": "Comm.byteps.Whole.Gradient"
            },
            "pid": "Comm.byteps.Whole.Gradient",
            "name": "Comm.byteps.Whole.Gradient.BROADCAST",
            "ts": 1589707781603094,
            "dur": 68942,
            "tid": "0",
            "cat": "Comm"
        },
        {
            "ph": "X",
            "args": {
                "name": "Comm.byteps.Whole.Gradient"
            },
            "pid": "Comm.byteps.Whole.Gradient",
            "name": "Comm.byteps.Whole.Gradient.BROADCAST",
            "ts": 1589707781955241,
            "dur": 68767,
            "tid": "0",
            "cat": "Comm"
        },
        {
            "ph": "X",
            "args": {
                "name": "Comm.byteps.Whole.Gradient"
            },
            "pid": "Comm.byteps.Whole.Gradient",
            "name": "Comm.byteps.Whole.Gradient.BROADCAST",
            "ts": 1589707782760655,
            "dur": 69195,
            "tid": "0",
            "cat": "Comm"
        },
        {
            "ph": "X",
            "args": {
                "name": "Comm.byteps.Whole.Gradient"
            },
            "pid": "Comm.byteps.Whole.Gradient",
            "name": "Comm.byteps.Whole.Gradient.BROADCAST",
            "ts": 1589707783127630,
            "dur": 68076,
            "tid": "0",
            "cat": "Comm"
        },
        {
            "ph": "X",
            "args": {
                "name": "Comm.byteps.Whole.Gradient"
            },
            "pid": "Comm.byteps.Whole.Gradient",
            "name": "Comm.byteps.Whole.Gradient.BROADCAST",
            "ts": 1589707783488609,
            "dur": 68646,
            "tid": "0",
            "cat": "Comm"
        },
        {
            "ph": "X",
            "args": {
                "name": "Comm.byteps.Whole.Gradient"
            },
            "pid": "Comm.byteps.Whole.Gradient",
            "name": "Comm.byteps.Whole.Gradient.BROADCAST",
            "ts": 1589707783849448,
            "dur": 67925,
            "tid": "0",
            "cat": "Comm"
        },
        {
            "ph": "X",
            "args": {
                "name": "Comm.byteps.Whole.Gradient"
            },
            "pid": "Comm.byteps.Whole.Gradient",
            "name": "Comm.byteps.Whole.Gradient.BROADCAST",
            "ts": 1589707784206226,
            "dur": 67953,
            "tid": "0",
            "cat": "Comm"
        },
        {
            "ph": "X",
            "args": {
                "name": "Comm.byteps.Whole.Gradient"
            },
            "pid": "Comm.byteps.Whole.Gradient",
            "name": "Comm.byteps.Whole.Gradient.COPYH2D",
            "ts": 1589707780164943,
            "dur": 1492,
            "tid": "0",
            "cat": "Comm"
        },
        {
            "ph": "X",
            "args": {
                "name": "Comm.byteps.Whole.Gradient"
            },
            "pid": "Comm.byteps.Whole.Gradient",
            "name": "Comm.byteps.Whole.Gradient.COPYH2D",
            "ts": 1589707780528103,
            "dur": 1338,
            "tid": "0",
            "cat": "Comm"
        },
        {
            "ph": "X",
            "args": {
                "name": "Comm.byteps.Whole.Gradient"
            },
            "pid": "Comm.byteps.Whole.Gradient",
            "name": "Comm.byteps.Whole.Gradient.COPYH2D",
            "ts": 1589707780887282,
            "dur": 1315,
            "tid": "0",
            "cat": "Comm"
        },
        {
            "ph": "X",
            "args": {
                "name": "Comm.byteps.Whole.Gradient"
            },
            "pid": "Comm.byteps.Whole.Gradient",
            "name": "Comm.byteps.Whole.Gradient.COPYH2D",
            "ts": 1589707781242522,
            "dur": 1364,
            "tid": "0",
            "cat": "Comm"
        },
        {
            "ph": "X",
            "args": {
                "name": "Comm.byteps.Whole.Gradient"
            },
            "pid": "Comm.byteps.Whole.Gradient",
            "name": "Comm.byteps.Whole.Gradient.COPYH2D",
            "ts": 1589707781601499,
            "dur": 1273,
            "tid": "0",
            "cat": "Comm"
        },
        {
            "ph": "X",
            "args": {
                "name": "Comm.byteps.Whole.Gradient"
            },
            "pid": "Comm.byteps.Whole.Gradient",
            "name": "Comm.byteps.Whole.Gradient.COPYH2D",
            "ts": 1589707781953555,
            "dur": 1337,
            "tid": "0",
            "cat": "Comm"
        },
        {
            "ph": "X",
            "args": {
                "name": "Comm.byteps.Whole.Gradient"
            },
            "pid": "Comm.byteps.Whole.Gradient",
            "name": "Comm.byteps.Whole.Gradient.COPYH2D",
            "ts": 1589707782759044,
            "dur": 1293,
            "tid": "0",
            "cat": "Comm"
        },
        {
            "ph": "X",
            "args": {
                "name": "Comm.byteps.Whole.Gradient"
            },
            "pid": "Comm.byteps.Whole.Gradient",
            "name": "Comm.byteps.Whole.Gradient.COPYH2D",
            "ts": 1589707783126025,
            "dur": 1364,
            "tid": "0",
            "cat": "Comm"
        },
        {
            "ph": "X",
            "args": {
                "name": "Comm.byteps.Whole.Gradient"
            },
            "pid": "Comm.byteps.Whole.Gradient",
            "name": "Comm.byteps.Whole.Gradient.COPYH2D",
            "ts": 1589707783484387,
            "dur": 1221,
            "tid": "0",
            "cat": "Comm"
        },
        {
            "ph": "X",
            "args": {
                "name": "Comm.byteps.Whole.Gradient"
            },
            "pid": "Comm.byteps.Whole.Gradient",
            "name": "Comm.byteps.Whole.Gradient.COPYH2D",
            "ts": 1589707783847876,
            "dur": 1348,
            "tid": "0",
            "cat": "Comm"
        },
        {
            "ph": "X",
            "args": {
                "name": "Comm.byteps.Whole.Gradient"
            },
            "pid": "Comm.byteps.Whole.Gradient",
            "name": "Comm.byteps.Whole.Gradient.COPYH2D",
            "ts": 1589707784204635,
            "dur": 1303,
            "tid": "0",
            "cat": "Comm"
        },
        {
            "ph": "X",
            "args": {
                "name": "Comm.byteps.Whole.Gradient"
            },
            "pid": "Comm.byteps.Whole.Gradient",
            "name": "Comm.byteps.Whole.Gradient.REDUCE",
            "ts": 1589707780123242,
            "dur": 19753,
            "tid": "0",
            "cat": "Comm"
        },
        {
            "ph": "X",
            "args": {
                "name": "Comm.byteps.Whole.Gradient"
            },
            "pid": "Comm.byteps.Whole.Gradient",
            "name": "Comm.byteps.Whole.Gradient.REDUCE",
            "ts": 1589707780491857,
            "dur": 19700,
            "tid": "0",
            "cat": "Comm"
        },
        {
            "ph": "X",
            "args": {
                "name": "Comm.byteps.Whole.Gradient"
            },
            "pid": "Comm.byteps.Whole.Gradient",
            "name": "Comm.byteps.Whole.Gradient.REDUCE",
            "ts": 1589707780851656,
            "dur": 19828,
            "tid": "0",
            "cat": "Comm"
        },
        {
            "ph": "X",
            "args": {
                "name": "Comm.byteps.Whole.Gradient"
            },
            "pid": "Comm.byteps.Whole.Gradient",
            "name": "Comm.byteps.Whole.Gradient.REDUCE",
            "ts": 1589707781200450,
            "dur": 19568,
            "tid": "0",
            "cat": "Comm"
        },
        {
            "ph": "X",
            "args": {
                "name": "Comm.byteps.Whole.Gradient"
            },
            "pid": "Comm.byteps.Whole.Gradient",
            "name": "Comm.byteps.Whole.Gradient.REDUCE",
            "ts": 1589707781556991,
            "dur": 19668,
            "tid": "0",
            "cat": "Comm"
        },
        {
            "ph": "X",
            "args": {
                "name": "Comm.byteps.Whole.Gradient"
            },
            "pid": "Comm.byteps.Whole.Gradient",
            "name": "Comm.byteps.Whole.Gradient.REDUCE",
            "ts": 1589707781912085,
            "dur": 19582,
            "tid": "0",
            "cat": "Comm"
        },
        {
            "ph": "X",
            "args": {
                "name": "Comm.byteps.Whole.Gradient"
            },
            "pid": "Comm.byteps.Whole.Gradient",
            "name": "Comm.byteps.Whole.Gradient.REDUCE",
            "ts": 1589707782278690,
            "dur": 19285,
            "tid": "0",
            "cat": "Comm"
        },
        {
            "ph": "X",
            "args": {
                "name": "Comm.byteps.Whole.Gradient"
            },
            "pid": "Comm.byteps.Whole.Gradient",
            "name": "Comm.byteps.Whole.Gradient.REDUCE",
            "ts": 1589707783080557,
            "dur": 19463,
            "tid": "0",
            "cat": "Comm"
        },
        {
            "ph": "X",
            "args": {
                "name": "Comm.byteps.Whole.Gradient"
            },
            "pid": "Comm.byteps.Whole.Gradient",
            "name": "Comm.byteps.Whole.Gradient.REDUCE",
            "ts": 1589707783436501,
            "dur": 19633,
            "tid": "0",
            "cat": "Comm"
        },
        {
            "ph": "X",
            "args": {
                "name": "Comm.byteps.Whole.Gradient"
            },
            "pid": "Comm.byteps.Whole.Gradient",
            "name": "Comm.byteps.Whole.Gradient.REDUCE",
            "ts": 1589707783809148,
            "dur": 22583,
            "tid": "0",
            "cat": "Comm"
        },
        {
            "ph": "X",
            "args": {
                "name": "Comm.byteps.Whole.Gradient"
            },
            "pid": "Comm.byteps.Whole.Gradient",
            "name": "Comm.byteps.Whole.Gradient.REDUCE",
            "ts": 1589707784166241,
            "dur": 19660,
            "tid": "0",
            "cat": "Comm"
        },
        {
            "ph": "X",
            "args": {
                "name": "Comm.byteps.Whole.Gradient"
            },
            "pid": "Comm.byteps.Whole.Gradient",
            "name": "Comm.byteps.Whole.Gradient.PULL",
            "ts": 1589707780147166,
            "dur": 17739,
            "tid": "0",
            "cat": "Comm"
        },
        {
            "ph": "X",
            "args": {
                "name": "Comm.byteps.Whole.Gradient"
            },
            "pid": "Comm.byteps.Whole.Gradient",
            "name": "Comm.byteps.Whole.Gradient.PULL",
            "ts": 1589707780515621,
            "dur": 12427,
            "tid": "0",
            "cat": "Comm"
        },
        {
            "ph": "X",
            "args": {
                "name": "Comm.byteps.Whole.Gradient"
            },
            "pid": "Comm.byteps.Whole.Gradient",
            "name": "Comm.byteps.Whole.Gradient.PULL",
            "ts": 1589707780875334,
            "dur": 11870,
            "tid": "0",
            "cat": "Comm"
        },
        {
            "ph": "X",
            "args": {
                "name": "Comm.byteps.Whole.Gradient"
            },
            "pid": "Comm.byteps.Whole.Gradient",
            "name": "Comm.byteps.Whole.Gradient.PULL",
            "ts": 1589707781227706,
            "dur": 14763,
            "tid": "0",
            "cat": "Comm"
        },
        {
            "ph": "X",
            "args": {
                "name": "Comm.byteps.Whole.Gradient"
            },
            "pid": "Comm.byteps.Whole.Gradient",
            "name": "Comm.byteps.Whole.Gradient.PULL",
            "ts": 1589707781580470,
            "dur": 20960,
            "tid": "0",
            "cat": "Comm"
        },
        {
            "ph": "X",
            "args": {
                "name": "Comm.byteps.Whole.Gradient"
            },
            "pid": "Comm.byteps.Whole.Gradient",
            "name": "Comm.byteps.Whole.Gradient.PULL",
            "ts": 1589707781935392,
            "dur": 18093,
            "tid": "0",
            "cat": "Comm"
        },
        {
            "ph": "X",
            "args": {
                "name": "Comm.byteps.Whole.Gradient"
            },
            "pid": "Comm.byteps.Whole.Gradient",
            "name": "Comm.byteps.Whole.Gradient.PULL",
            "ts": 1589707782301955,
            "dur": 457029,
            "tid": "0",
            "cat": "Comm"
        },
        {
            "ph": "X",
            "args": {
                "name": "Comm.byteps.Whole.Gradient"
            },
            "pid": "Comm.byteps.Whole.Gradient",
            "name": "Comm.byteps.Whole.Gradient.PULL",
            "ts": 1589707783106953,
            "dur": 19013,
            "tid": "0",
            "cat": "Comm"
        },
        {
            "ph": "X",
            "args": {
                "name": "Comm.byteps.Whole.Gradient"
            },
            "pid": "Comm.byteps.Whole.Gradient",
            "name": "Comm.byteps.Whole.Gradient.PULL",
            "ts": 1589707783460017,
            "dur": 24351,
            "tid": "0",
            "cat": "Comm"
        },
        {
            "ph": "X",
            "args": {
                "name": "Comm.byteps.Whole.Gradient"
            },
            "pid": "Comm.byteps.Whole.Gradient",
            "name": "Comm.byteps.Whole.Gradient.PULL",
            "ts": 1589707783835513,
            "dur": 12271,
            "tid": "0",
            "cat": "Comm"
        },
        {
            "ph": "X",
            "args": {
                "name": "Comm.byteps.Whole.Gradient"
            },
            "pid": "Comm.byteps.Whole.Gradient",
            "name": "Comm.byteps.Whole.Gradient.PULL",
            "ts": 1589707784189889,
            "dur": 14684,
            "tid": "0",
            "cat": "Comm"
        },
        {
            "ph": "X",
            "args": {
                "name": "Comm.byteps.Whole.Gradient"
            },
            "pid": "Comm.byteps.Whole.Gradient",
            "name": "Comm.byteps.Whole.Gradient.COPYD2H",
            "ts": 1589707780143030,
            "dur": 687,
            "tid": "0",
            "cat": "Comm"
        },
        {
            "ph": "X",
            "args": {
                "name": "Comm.byteps.Whole.Gradient"
            },
            "pid": "Comm.byteps.Whole.Gradient",
            "name": "Comm.byteps.Whole.Gradient.COPYD2H",
            "ts": 1589707780511610,
            "dur": 659,
            "tid": "0",
            "cat": "Comm"
        },
        {
            "ph": "X",
            "args": {
                "name": "Comm.byteps.Whole.Gradient"
            },
            "pid": "Comm.byteps.Whole.Gradient",
            "name": "Comm.byteps.Whole.Gradient.COPYD2H",
            "ts": 1589707780871519,
            "dur": 662,
            "tid": "0",
            "cat": "Comm"
        },
        {
            "ph": "X",
            "args": {
                "name": "Comm.byteps.Whole.Gradient"
            },
            "pid": "Comm.byteps.Whole.Gradient",
            "name": "Comm.byteps.Whole.Gradient.COPYD2H",
            "ts": 1589707781220073,
            "dur": 658,
            "tid": "0",
            "cat": "Comm"
        },
        {
            "ph": "X",
            "args": {
                "name": "Comm.byteps.Whole.Gradient"
            },
            "pid": "Comm.byteps.Whole.Gradient",
            "name": "Comm.byteps.Whole.Gradient.COPYD2H",
            "ts": 1589707781576752,
            "dur": 659,
            "tid": "0",
            "cat": "Comm"
        },
        {
            "ph": "X",
            "args": {
                "name": "Comm.byteps.Whole.Gradient"
            },
            "pid": "Comm.byteps.Whole.Gradient",
            "name": "Comm.byteps.Whole.Gradient.COPYD2H",
            "ts": 1589707781931718,
            "dur": 661,
            "tid": "0",
            "cat": "Comm"
        },
        {
            "ph": "X",
            "args": {
                "name": "Comm.byteps.Whole.Gradient"
            },
            "pid": "Comm.byteps.Whole.Gradient",
            "name": "Comm.byteps.Whole.Gradient.COPYD2H",
            "ts": 1589707782298007,
            "dur": 650,
            "tid": "0",
            "cat": "Comm"
        },
        {
            "ph": "X",
            "args": {
                "name": "Comm.byteps.Whole.Gradient"
            },
            "pid": "Comm.byteps.Whole.Gradient",
            "name": "Comm.byteps.Whole.Gradient.COPYD2H",
            "ts": 1589707783100084,
            "dur": 659,
            "tid": "0",
            "cat": "Comm"
        },
        {
            "ph": "X",
            "args": {
                "name": "Comm.byteps.Whole.Gradient"
            },
            "pid": "Comm.byteps.Whole.Gradient",
            "name": "Comm.byteps.Whole.Gradient.COPYD2H",
            "ts": 1589707783456202,
            "dur": 727,
            "tid": "0",
            "cat": "Comm"
        },
        {
            "ph": "X",
            "args": {
                "name": "Comm.byteps.Whole.Gradient"
            },
            "pid": "Comm.byteps.Whole.Gradient",
            "name": "Comm.byteps.Whole.Gradient.COPYD2H",
            "ts": 1589707783831816,
            "dur": 654,
            "tid": "0",
            "cat": "Comm"
        },
        {
            "ph": "X",
            "args": {
                "name": "Comm.byteps.Whole.Gradient"
            },
            "pid": "Comm.byteps.Whole.Gradient",
            "name": "Comm.byteps.Whole.Gradient.COPYD2H",
            "ts": 1589707784185942,
            "dur": 680,
            "tid": "0",
            "cat": "Comm"
        },
        {
            "ph": "X",
            "args": {
                "name": "Comm.byteps.Whole.Gradient"
            },
            "pid": "Comm.byteps.Whole.Gradient",
            "name": "Comm.byteps.Whole.Gradient.PUSH",
            "ts": 1589707780143939,
            "dur": 3100,
            "tid": "0",
            "cat": "Comm"
        },
        {
            "ph": "X",
            "args": {
                "name": "Comm.byteps.Whole.Gradient"
            },
            "pid": "Comm.byteps.Whole.Gradient",
            "name": "Comm.byteps.Whole.Gradient.PUSH",
            "ts": 1589707780512663,
            "dur": 2917,
            "tid": "0",
            "cat": "Comm"
        },
        {
            "ph": "X",
            "args": {
                "name": "Comm.byteps.Whole.Gradient"
            },
            "pid": "Comm.byteps.Whole.Gradient",
            "name": "Comm.byteps.Whole.Gradient.PUSH",
            "ts": 1589707780872380,
            "dur": 2904,
            "tid": "0",
            "cat": "Comm"
        },
        {
            "ph": "X",
            "args": {
                "name": "Comm.byteps.Whole.Gradient"
            },
            "pid": "Comm.byteps.Whole.Gradient",
            "name": "Comm.byteps.Whole.Gradient.PUSH",
            "ts": 1589707781220755,
            "dur": 6892,
            "tid": "0",
            "cat": "Comm"
        },
        {
            "ph": "X",
            "args": {
                "name": "Comm.byteps.Whole.Gradient"
            },
            "pid": "Comm.byteps.Whole.Gradient",
            "name": "Comm.byteps.Whole.Gradient.PUSH",
            "ts": 1589707781577473,
            "dur": 2934,
            "tid": "0",
            "cat": "Comm"
        },
        {
            "ph": "X",
            "args": {
                "name": "Comm.byteps.Whole.Gradient"
            },
            "pid": "Comm.byteps.Whole.Gradient",
            "name": "Comm.byteps.Whole.Gradient.PUSH",
            "ts": 1589707781932449,
            "dur": 2922,
            "tid": "0",
            "cat": "Comm"
        },
        {
            "ph": "X",
            "args": {
                "name": "Comm.byteps.Whole.Gradient"
            },
            "pid": "Comm.byteps.Whole.Gradient",
            "name": "Comm.byteps.Whole.Gradient.PUSH",
            "ts": 1589707782298850,
            "dur": 3071,
            "tid": "0",
            "cat": "Comm"
        },
        {
            "ph": "X",
            "args": {
                "name": "Comm.byteps.Whole.Gradient"
            },
            "pid": "Comm.byteps.Whole.Gradient",
            "name": "Comm.byteps.Whole.Gradient.PUSH",
            "ts": 1589707783100894,
            "dur": 6026,
            "tid": "0",
            "cat": "Comm"
        },
        {
            "ph": "X",
            "args": {
                "name": "Comm.byteps.Whole.Gradient"
            },
            "pid": "Comm.byteps.Whole.Gradient",
            "name": "Comm.byteps.Whole.Gradient.PUSH",
            "ts": 1589707783457049,
            "dur": 2895,
            "tid": "0",
            "cat": "Comm"
        },
        {
            "ph": "X",
            "args": {
                "name": "Comm.byteps.Whole.Gradient"
            },
            "pid": "Comm.byteps.Whole.Gradient",
            "name": "Comm.byteps.Whole.Gradient.PUSH",
            "ts": 1589707783832498,
            "dur": 2953,
            "tid": "0",
            "cat": "Comm"
        },
        {
            "ph": "X",
            "args": {
                "name": "Comm.byteps.Whole.Gradient"
            },
            "pid": "Comm.byteps.Whole.Gradient",
            "name": "Comm.byteps.Whole.Gradient.PUSH",
            "ts": 1589707784186769,
            "dur": 3049,
            "tid": "0",
            "cat": "Comm"
        }

    ],
    "displayTimeUnit": "ms"
}
