{
    "traceEvents": [
        {
            "ph": "X",
            "args": {
                "name": "Comm.byteps.Whole.Gradient"
            },
            "pid": "Comm.byteps.Whole.Gradient",
            "name": "Comm.byteps.Whole.Gradient",
            "ts": 1589708172748517,
            "dur": 231520,
            "tid": "total",
            "cat": "Comm"
        },
        {
            "ph": "X",
            "args": {
                "name": "Comm.byteps.Whole.Gradient"
            },
            "pid": "Comm.byteps.Whole.Gradient",
            "name": "Comm.byteps.Whole.Gradient",
            "ts": 1589708173120178,
            "dur": 222406,
            "tid": "total",
            "cat": "Comm"
        },
        {
            "ph": "X",
            "args": {
                "name": "Comm.byteps.Whole.Gradient"
            },
            "pid": "Comm.byteps.Whole.Gradient",
            "name": "Comm.byteps.Whole.Gradient",
            "ts": 1589708173480478,
            "dur": 584968,
            "tid": "total",
            "cat": "Comm"
        },
        {
            "ph": "X",
            "args": {
                "name": "Comm.byteps.Whole.Gradient"
            },
            "pid": "Comm.byteps.Whole.Gradient",
            "name": "Comm.byteps.Whole.Gradient",
            "ts": 1589708174222494,
            "dur": 207644,
            "tid": "total",
            "cat": "Comm"
        },
        {
            "ph": "X",
            "args": {
                "name": "Comm.byteps.Whole.Gradient"
            },
            "pid": "Comm.byteps.Whole.Gradient",
            "name": "Comm.byteps.Whole.Gradient",
            "ts": 1589708174586790,
            "dur": 205793,
            "tid": "total",
            "cat": "Comm"
        },
        {
            "ph": "X",
            "args": {
                "name": "Comm.byteps.Whole.Gradient"
            },
            "pid": "Comm.byteps.Whole.Gradient",
            "name": "Comm.byteps.Whole.Gradient",
            "ts": 1589708174941535,
            "dur": 219520,
            "tid": "total",
            "cat": "Comm"
        },
        {
            "ph": "X",
            "args": {
                "name": "Comm.byteps.Whole.Gradient"
            },
            "pid": "Comm.byteps.Whole.Gradient",
            "name": "Comm.byteps.Whole.Gradient",
            "ts": 1589708175320378,
            "dur": 217888,
            "tid": "total",
            "cat": "Comm"
        },
        {
            "ph": "X",
            "args": {
                "name": "Comm.byteps.Whole.Gradient"
            },
            "pid": "Comm.byteps.Whole.Gradient",
            "name": "Comm.byteps.Whole.Gradient",
            "ts": 1589708175694561,
            "dur": 206593,
            "tid": "total",
            "cat": "Comm"
        },
        {
            "ph": "X",
            "args": {
                "name": "Comm.byteps.Whole.Gradient"
            },
            "pid": "Comm.byteps.Whole.Gradient",
            "name": "Comm.byteps.Whole.Gradient",
            "ts": 1589708176066675,
            "dur": 196770,
            "tid": "total",
            "cat": "Comm"
        },
        {
            "ph": "X",
            "args": {
                "name": "Comm.byteps.Whole.Gradient"
            },
            "pid": "Comm.byteps.Whole.Gradient",
            "name": "Comm.byteps.Whole.Gradient",
            "ts": 1589708176411497,
            "dur": 209738,
            "tid": "total",
            "cat": "Comm"
        },
        {
            "ph": "X",
            "args": {
                "name": "Comm.byteps.Whole.Gradient"
            },
            "pid": "Comm.byteps.Whole.Gradient",
            "name": "Comm.byteps.Whole.Gradient",
            "ts": 1589708176777729,
            "dur": 204122,
            "tid": "total",
            "cat": "Comm"
        },
        {
            "ph": "X",
            "args": {
                "name": "Comm.byteps.Whole.Gradient"
            },
            "pid": "Comm.byteps.Whole.Gradient",
            "name": "Comm.byteps.Whole.Gradient.BROADCAST",
            "ts": 1589708172912327,
            "dur": 67602,
            "tid": "0",
            "cat": "Comm"
        },
        {
            "ph": "X",
            "args": {
                "name": "Comm.byteps.Whole.Gradient"
            },
            "pid": "Comm.byteps.Whole.Gradient",
            "name": "Comm.byteps.Whole.Gradient.BROADCAST",
            "ts": 1589708173274500,
            "dur": 68017,
            "tid": "0",
            "cat": "Comm"
        },
        {
            "ph": "X",
            "args": {
                "name": "Comm.byteps.Whole.Gradient"
            },
            "pid": "Comm.byteps.Whole.Gradient",
            "name": "Comm.byteps.Whole.Gradient.BROADCAST",
            "ts": 1589708173997669,
            "dur": 67672,
            "tid": "0",
            "cat": "Comm"
        },
        {
            "ph": "X",
            "args": {
                "name": "Comm.byteps.Whole.Gradient"
            },
            "pid": "Comm.byteps.Whole.Gradient",
            "name": "Comm.byteps.Whole.Gradient.BROADCAST",
            "ts": 1589708174362335,
            "dur": 67747,
            "tid": "0",
            "cat": "Comm"
        },
        {
            "ph": "X",
            "args": {
                "name": "Comm.byteps.Whole.Gradient"
            },
            "pid": "Comm.byteps.Whole.Gradient",
            "name": "Comm.byteps.Whole.Gradient.BROADCAST",
            "ts": 1589708174724527,
            "dur": 67942,
            "tid": "0",
            "cat": "Comm"
        },
        {
            "ph": "X",
            "args": {
                "name": "Comm.byteps.Whole.Gradient"
            },
            "pid": "Comm.byteps.Whole.Gradient",
            "name": "Comm.byteps.Whole.Gradient.BROADCAST",
            "ts": 1589708175093186,
            "dur": 67826,
            "tid": "0",
            "cat": "Comm"
        },
        {
            "ph": "X",
            "args": {
                "name": "Comm.byteps.Whole.Gradient"
            },
            "pid": "Comm.byteps.Whole.Gradient",
            "name": "Comm.byteps.Whole.Gradient.BROADCAST",
            "ts": 1589708175469911,
            "dur": 68242,
            "tid": "0",
            "cat": "Comm"
        },
        {
            "ph": "X",
            "args": {
                "name": "Comm.byteps.Whole.Gradient"
            },
            "pid": "Comm.byteps.Whole.Gradient",
            "name": "Comm.byteps.Whole.Gradient.BROADCAST",
            "ts": 1589708175833493,
            "dur": 67540,
            "tid": "0",
            "cat": "Comm"
        },
        {
            "ph": "X",
            "args": {
                "name": "Comm.byteps.Whole.Gradient"
            },
            "pid": "Comm.byteps.Whole.Gradient",
            "name": "Comm.byteps.Whole.Gradient.BROADCAST",
            "ts": 1589708176195794,
            "dur": 67521,
            "tid": "0",
            "cat": "Comm"
        },
        {
            "ph": "X",
            "args": {
                "name": "Comm.byteps.Whole.Gradient"
            },
            "pid": "Comm.byteps.Whole.Gradient",
            "name": "Comm.byteps.Whole.Gradient.BROADCAST",
            "ts": 1589708176553694,
            "dur": 67476,
            "tid": "0",
            "cat": "Comm"
        },
        {
            "ph": "X",
            "args": {
                "name": "Comm.byteps.Whole.Gradient"
            },
            "pid": "Comm.byteps.Whole.Gradient",
            "name": "Comm.byteps.Whole.Gradient.BROADCAST",
            "ts": 1589708176914378,
            "dur": 67373,
            "tid": "0",
            "cat": "Comm"
        },
        {
            "ph": "X",
            "args": {
                "name": "Comm.byteps.Whole.Gradient"
            },
            "pid": "Comm.byteps.Whole.Gradient",
            "name": "Comm.byteps.Whole.Gradient.COPYH2D",
            "ts": 1589708172910752,
            "dur": 1368,
            "tid": "0",
            "cat": "Comm"
        },
        {
            "ph": "X",
            "args": {
                "name": "Comm.byteps.Whole.Gradient"
            },
            "pid": "Comm.byteps.Whole.Gradient",
            "name": "Comm.byteps.Whole.Gradient.COPYH2D",
            "ts": 1589708173272902,
            "dur": 1302,
            "tid": "0",
            "cat": "Comm"
        },
        {
            "ph": "X",
            "args": {
                "name": "Comm.byteps.Whole.Gradient"
            },
            "pid": "Comm.byteps.Whole.Gradient",
            "name": "Comm.byteps.Whole.Gradient.COPYH2D",
            "ts": 1589708173996003,
            "dur": 1337,
            "tid": "0",
            "cat": "Comm"
        },
        {
            "ph": "X",
            "args": {
                "name": "Comm.byteps.Whole.Gradient"
            },
            "pid": "Comm.byteps.Whole.Gradient",
            "name": "Comm.byteps.Whole.Gradient.COPYH2D",
            "ts": 1589708174360710,
            "dur": 1311,
            "tid": "0",
            "cat": "Comm"
        },
        {
            "ph": "X",
            "args": {
                "name": "Comm.byteps.Whole.Gradient"
            },
            "pid": "Comm.byteps.Whole.Gradient",
            "name": "Comm.byteps.Whole.Gradient.COPYH2D",
            "ts": 1589708174722897,
            "dur": 1312,
            "tid": "0",
            "cat": "Comm"
        },
        {
            "ph": "X",
            "args": {
                "name": "Comm.byteps.Whole.Gradient"
            },
            "pid": "Comm.byteps.Whole.Gradient",
            "name": "Comm.byteps.Whole.Gradient.COPYH2D",
            "ts": 1589708175091587,
            "dur": 1393,
            "tid": "0",
            "cat": "Comm"
        },
        {
            "ph": "X",
            "args": {
                "name": "Comm.byteps.Whole.Gradient"
            },
            "pid": "Comm.byteps.Whole.Gradient",
            "name": "Comm.byteps.Whole.Gradient.COPYH2D",
            "ts": 1589708175468285,
            "dur": 1365,
            "tid": "0",
            "cat": "Comm"
        },
        {
            "ph": "X",
            "args": {
                "name": "Comm.byteps.Whole.Gradient"
            },
            "pid": "Comm.byteps.Whole.Gradient",
            "name": "Comm.byteps.Whole.Gradient.COPYH2D",
            "ts": 1589708175831921,
            "dur": 1357,
            "tid": "0",
            "cat": "Comm"
        },
        {
            "ph": "X",
            "args": {
                "name": "Comm.byteps.Whole.Gradient"
            },
            "pid": "Comm.byteps.Whole.Gradient",
            "name": "Comm.byteps.Whole.Gradient.COPYH2D",
            "ts": 1589708176194221,
            "dur": 1408,
            "tid": "0",
            "cat": "Comm"
        },
        {
            "ph": "X",
            "args": {
                "name": "Comm.byteps.Whole.Gradient"
            },
            "pid": "Comm.byteps.Whole.Gradient",
            "name": "Comm.byteps.Whole.Gradient.COPYH2D",
            "ts": 1589708176552093,
            "dur": 1308,
            "tid": "0",
            "cat": "Comm"
        },
        {
            "ph": "X",
            "args": {
                "name": "Comm.byteps.Whole.Gradient"
            },
            "pid": "Comm.byteps.Whole.Gradient",
            "name": "Comm.byteps.Whole.Gradient.COPYH2D",
            "ts": 1589708176912801,
            "dur": 1378,
            "tid": "0",
            "cat": "Comm"
        },
        {
            "ph": "X",
            "args": {
                "name": "Comm.byteps.Whole.Gradient"
            },
            "pid": "Comm.byteps.Whole.Gradient",
            "name": "Comm.byteps.Whole.Gradient.REDUCE",
            "ts": 1589708172863179,
            "dur": 19534,
            "tid": "0",
            "cat": "Comm"
        },
        {
            "ph": "X",
            "args": {
                "name": "Comm.byteps.Whole.Gradient"
            },
            "pid": "Comm.byteps.Whole.Gradient",
            "name": "Comm.byteps.Whole.Gradient.REDUCE",
            "ts": 1589708173222809,
            "dur": 19672,
            "tid": "0",
            "cat": "Comm"
        },
        {
            "ph": "X",
            "args": {
                "name": "Comm.byteps.Whole.Gradient"
            },
            "pid": "Comm.byteps.Whole.Gradient",
            "name": "Comm.byteps.Whole.Gradient.REDUCE",
            "ts": 1589708173590053,
            "dur": 19538,
            "tid": "0",
            "cat": "Comm"
        },
        {
            "ph": "X",
            "args": {
                "name": "Comm.byteps.Whole.Gradient"
            },
            "pid": "Comm.byteps.Whole.Gradient",
            "name": "Comm.byteps.Whole.Gradient.REDUCE",
            "ts": 1589708174305482,
            "dur": 19608,
            "tid": "0",
            "cat": "Comm"
        },
        {
            "ph": "X",
            "args": {
                "name": "Comm.byteps.Whole.Gradient"
            },
            "pid": "Comm.byteps.Whole.Gradient",
            "name": "Comm.byteps.Whole.Gradient.REDUCE",
            "ts": 1589708174673219,
            "dur": 19520,
            "tid": "0",
            "cat": "Comm"
        },
        {
            "ph": "X",
            "args": {
                "name": "Comm.byteps.Whole.Gradient"
            },
            "pid": "Comm.byteps.Whole.Gradient",
            "name": "Comm.byteps.Whole.Gradient.REDUCE",
            "ts": 1589708175036414,
            "dur": 19434,
            "tid": "0",
            "cat": "Comm"
        },
        {
            "ph": "X",
            "args": {
                "name": "Comm.byteps.Whole.Gradient"
            },
            "pid": "Comm.byteps.Whole.Gradient",
            "name": "Comm.byteps.Whole.Gradient.REDUCE",
            "ts": 1589708175407382,
            "dur": 19556,
            "tid": "0",
            "cat": "Comm"
        },
        {
            "ph": "X",
            "args": {
                "name": "Comm.byteps.Whole.Gradient"
            },
            "pid": "Comm.byteps.Whole.Gradient",
            "name": "Comm.byteps.Whole.Gradient.REDUCE",
            "ts": 1589708175787689,
            "dur": 19286,
            "tid": "0",
            "cat": "Comm"
        },
        {
            "ph": "X",
            "args": {
                "name": "Comm.byteps.Whole.Gradient"
            },
            "pid": "Comm.byteps.Whole.Gradient",
            "name": "Comm.byteps.Whole.Gradient.REDUCE",
            "ts": 1589708176140229,
            "dur": 19463,
            "tid": "0",
            "cat": "Comm"
        },
        {
            "ph": "X",
            "args": {
                "name": "Comm.byteps.Whole.Gradient"
            },
            "pid": "Comm.byteps.Whole.Gradient",
            "name": "Comm.byteps.Whole.Gradient.REDUCE",
            "ts": 1589708176504070,
            "dur": 19302,
            "tid": "0",
            "cat": "Comm"
        },
        {
            "ph": "X",
            "args": {
                "name": "Comm.byteps.Whole.Gradient"
            },
            "pid": "Comm.byteps.Whole.Gradient",
            "name": "Comm.byteps.Whole.Gradient.REDUCE",
            "ts": 1589708176863377,
            "dur": 19341,
            "tid": "0",
            "cat": "Comm"
        },
        {
            "ph": "X",
            "args": {
                "name": "Comm.byteps.Whole.Gradient"
            },
            "pid": "Comm.byteps.Whole.Gradient",
            "name": "Comm.byteps.Whole.Gradient.PULL",
            "ts": 1589708172887611,
            "dur": 23106,
            "tid": "0",
            "cat": "Comm"
        },
        {
            "ph": "X",
            "args": {
                "name": "Comm.byteps.Whole.Gradient"
            },
            "pid": "Comm.byteps.Whole.Gradient",
            "name": "Comm.byteps.Whole.Gradient.PULL",
            "ts": 1589708173247926,
            "dur": 24919,
            "tid": "0",
            "cat": "Comm"
        },
        {
            "ph": "X",
            "args": {
                "name": "Comm.byteps.Whole.Gradient"
            },
            "pid": "Comm.byteps.Whole.Gradient",
            "name": "Comm.byteps.Whole.Gradient.PULL",
            "ts": 1589708173618958,
            "dur": 376962,
            "tid": "0",
            "cat": "Comm"
        },
        {
            "ph": "X",
            "args": {
                "name": "Comm.byteps.Whole.Gradient"
            },
            "pid": "Comm.byteps.Whole.Gradient",
            "name": "Comm.byteps.Whole.Gradient.PULL",
            "ts": 1589708174328893,
            "dur": 31783,
            "tid": "0",
            "cat": "Comm"
        },
        {
            "ph": "X",
            "args": {
                "name": "Comm.byteps.Whole.Gradient"
            },
            "pid": "Comm.byteps.Whole.Gradient",
            "name": "Comm.byteps.Whole.Gradient.PULL",
            "ts": 1589708174698011,
            "dur": 24820,
            "tid": "0",
            "cat": "Comm"
        },
        {
            "ph": "X",
            "args": {
                "name": "Comm.byteps.Whole.Gradient"
            },
            "pid": "Comm.byteps.Whole.Gradient",
            "name": "Comm.byteps.Whole.Gradient.PULL",
            "ts": 1589708175059688,
            "dur": 31870,
            "tid": "0",
            "cat": "Comm"
        },
        {
            "ph": "X",
            "args": {
                "name": "Comm.byteps.Whole.Gradient"
            },
            "pid": "Comm.byteps.Whole.Gradient",
            "name": "Comm.byteps.Whole.Gradient.PULL",
            "ts": 1589708175432856,
            "dur": 35395,
            "tid": "0",
            "cat": "Comm"
        },
        {
            "ph": "X",
            "args": {
                "name": "Comm.byteps.Whole.Gradient"
            },
            "pid": "Comm.byteps.Whole.Gradient",
            "name": "Comm.byteps.Whole.Gradient.PULL",
            "ts": 1589708175814662,
            "dur": 17211,
            "tid": "0",
            "cat": "Comm"
        },
        {
            "ph": "X",
            "args": {
                "name": "Comm.byteps.Whole.Gradient"
            },
            "pid": "Comm.byteps.Whole.Gradient",
            "name": "Comm.byteps.Whole.Gradient.PULL",
            "ts": 1589708176163418,
            "dur": 30763,
            "tid": "0",
            "cat": "Comm"
        },
        {
            "ph": "X",
            "args": {
                "name": "Comm.byteps.Whole.Gradient"
            },
            "pid": "Comm.byteps.Whole.Gradient",
            "name": "Comm.byteps.Whole.Gradient.PULL",
            "ts": 1589708176527297,
            "dur": 24726,
            "tid": "0",
            "cat": "Comm"
        },
        {
            "ph": "X",
            "args": {
                "name": "Comm.byteps.Whole.Gradient"
            },
            "pid": "Comm.byteps.Whole.Gradient",
            "name": "Comm.byteps.Whole.Gradient.PULL",
            "ts": 1589708176891617,
            "dur": 21115,
            "tid": "0",
            "cat": "Comm"
        },
        {
            "ph": "X",
            "args": {
                "name": "Comm.byteps.Whole.Gradient"
            },
            "pid": "Comm.byteps.Whole.Gradient",
            "name": "Comm.byteps.Whole.Gradient.COPYD2H",
            "ts": 1589708172882798,
            "dur": 701,
            "tid": "0",
            "cat": "Comm"
        },
        {
            "ph": "X",
            "args": {
                "name": "Comm.byteps.Whole.Gradient"
            },
            "pid": "Comm.byteps.Whole.Gradient",
            "name": "Comm.byteps.Whole.Gradient.COPYD2H",
            "ts": 1589708173242511,
            "dur": 665,
            "tid": "0",
            "cat": "Comm"
        },
        {
            "ph": "X",
            "args": {
                "name": "Comm.byteps.Whole.Gradient"
            },
            "pid": "Comm.byteps.Whole.Gradient",
            "name": "Comm.byteps.Whole.Gradient.COPYD2H",
            "ts": 1589708173609662,
            "dur": 647,
            "tid": "0",
            "cat": "Comm"
        },
        {
            "ph": "X",
            "args": {
                "name": "Comm.byteps.Whole.Gradient"
            },
            "pid": "Comm.byteps.Whole.Gradient",
            "name": "Comm.byteps.Whole.Gradient.COPYD2H",
            "ts": 1589708174325160,
            "dur": 662,
            "tid": "0",
            "cat": "Comm"
        },
        {
            "ph": "X",
            "args": {
                "name": "Comm.byteps.Whole.Gradient"
            },
            "pid": "Comm.byteps.Whole.Gradient",
            "name": "Comm.byteps.Whole.Gradient.COPYD2H",
            "ts": 1589708174692818,
            "dur": 646,
            "tid": "0",
            "cat": "Comm"
        },
        {
            "ph": "X",
            "args": {
                "name": "Comm.byteps.Whole.Gradient"
            },
            "pid": "Comm.byteps.Whole.Gradient",
            "name": "Comm.byteps.Whole.Gradient.COPYD2H",
            "ts": 1589708175055893,
            "dur": 654,
            "tid": "0",
            "cat": "Comm"
        },
        {
            "ph": "X",
            "args": {
                "name": "Comm.byteps.Whole.Gradient"
            },
            "pid": "Comm.byteps.Whole.Gradient",
            "name": "Comm.byteps.Whole.Gradient.COPYD2H",
            "ts": 1589708175427014,
            "dur": 741,
            "tid": "0",
            "cat": "Comm"
        },
        {
            "ph": "X",
            "args": {
                "name": "Comm.byteps.Whole.Gradient"
            },
            "pid": "Comm.byteps.Whole.Gradient",
            "name": "Comm.byteps.Whole.Gradient.COPYD2H",
            "ts": 1589708175807045,
            "dur": 668,
            "tid": "0",
            "cat": "Comm"
        },
        {
            "ph": "X",
            "args": {
                "name": "Comm.byteps.Whole.Gradient"
            },
            "pid": "Comm.byteps.Whole.Gradient",
            "name": "Comm.byteps.Whole.Gradient.COPYD2H",
            "ts": 1589708176159751,
            "dur": 679,
            "tid": "0",
            "cat": "Comm"
        },
        {
            "ph": "X",
            "args": {
                "name": "Comm.byteps.Whole.Gradient"
            },
            "pid": "Comm.byteps.Whole.Gradient",
            "name": "Comm.byteps.Whole.Gradient.COPYD2H",
            "ts": 1589708176523414,
            "dur": 666,
            "tid": "0",
            "cat": "Comm"
        },
        {
            "ph": "X",
            "args": {
                "name": "Comm.byteps.Whole.Gradient"
            },
            "pid": "Comm.byteps.Whole.Gradient",
            "name": "Comm.byteps.Whole.Gradient.COPYD2H",
            "ts": 1589708176882777,
            "dur": 669,
            "tid": "0",
            "cat": "Comm"
        },
        {
            "ph": "X",
            "args": {
                "name": "Comm.byteps.Whole.Gradient"
            },
            "pid": "Comm.byteps.Whole.Gradient",
            "name": "Comm.byteps.Whole.Gradient.PUSH",
            "ts": 1589708172883605,
            "dur": 3962,
            "tid": "0",
            "cat": "Comm"
        },
        {
            "ph": "X",
            "args": {
                "name": "Comm.byteps.Whole.Gradient"
            },
            "pid": "Comm.byteps.Whole.Gradient",
            "name": "Comm.byteps.Whole.Gradient.PUSH",
            "ts": 1589708173243403,
            "dur": 4481,
            "tid": "0",
            "cat": "Comm"
        },
        {
            "ph": "X",
            "args": {
                "name": "Comm.byteps.Whole.Gradient"
            },
            "pid": "Comm.byteps.Whole.Gradient",
            "name": "Comm.byteps.Whole.Gradient.PUSH",
            "ts": 1589708173610418,
            "dur": 8489,
            "tid": "0",
            "cat": "Comm"
        },
        {
            "ph": "X",
            "args": {
                "name": "Comm.byteps.Whole.Gradient"
            },
            "pid": "Comm.byteps.Whole.Gradient",
            "name": "Comm.byteps.Whole.Gradient.PUSH",
            "ts": 1589708174325919,
            "dur": 2917,
            "tid": "0",
            "cat": "Comm"
        },
        {
            "ph": "X",
            "args": {
                "name": "Comm.byteps.Whole.Gradient"
            },
            "pid": "Comm.byteps.Whole.Gradient",
            "name": "Comm.byteps.Whole.Gradient.PUSH",
            "ts": 1589708174693530,
            "dur": 4419,
            "tid": "0",
            "cat": "Comm"
        },
        {
            "ph": "X",
            "args": {
                "name": "Comm.byteps.Whole.Gradient"
            },
            "pid": "Comm.byteps.Whole.Gradient",
            "name": "Comm.byteps.Whole.Gradient.PUSH",
            "ts": 1589708175056763,
            "dur": 2898,
            "tid": "0",
            "cat": "Comm"
        },
        {
            "ph": "X",
            "args": {
                "name": "Comm.byteps.Whole.Gradient"
            },
            "pid": "Comm.byteps.Whole.Gradient",
            "name": "Comm.byteps.Whole.Gradient.PUSH",
            "ts": 1589708175427964,
            "dur": 4811,
            "tid": "0",
            "cat": "Comm"
        },
        {
            "ph": "X",
            "args": {
                "name": "Comm.byteps.Whole.Gradient"
            },
            "pid": "Comm.byteps.Whole.Gradient",
            "name": "Comm.byteps.Whole.Gradient.PUSH",
            "ts": 1589708175807755,
            "dur": 6875,
            "tid": "0",
            "cat": "Comm"
        },
        {
            "ph": "X",
            "args": {
                "name": "Comm.byteps.Whole.Gradient"
            },
            "pid": "Comm.byteps.Whole.Gradient",
            "name": "Comm.byteps.Whole.Gradient.PUSH",
            "ts": 1589708176160469,
            "dur": 2904,
            "tid": "0",
            "cat": "Comm"
        },
        {
            "ph": "X",
            "args": {
                "name": "Comm.byteps.Whole.Gradient"
            },
            "pid": "Comm.byteps.Whole.Gradient",
            "name": "Comm.byteps.Whole.Gradient.PUSH",
            "ts": 1589708176524324,
            "dur": 2904,
            "tid": "0",
            "cat": "Comm"
        },
        {
            "ph": "X",
            "args": {
                "name": "Comm.byteps.Whole.Gradient"
            },
            "pid": "Comm.byteps.Whole.Gradient",
            "name": "Comm.byteps.Whole.Gradient.PUSH",
            "ts": 1589708176883682,
            "dur": 7874,
            "tid": "0",
            "cat": "Comm"
        }

    ],
    "displayTimeUnit": "ms"
}
