{
    "traceEvents": [
        {
            "ph": "X",
            "args": {
                "name": "Comm.byteps.Whole.Gradient"
            },
            "pid": "Comm.byteps.Whole.Gradient",
            "name": "Comm.byteps.Whole.Gradient",
            "ts": 1589707884791336,
            "dur": 179849,
            "tid": "total",
            "cat": "Comm"
        },
        {
            "ph": "X",
            "args": {
                "name": "Comm.byteps.Whole.Gradient"
            },
            "pid": "Comm.byteps.Whole.Gradient",
            "name": "Comm.byteps.Whole.Gradient",
            "ts": 1589707885127153,
            "dur": 204203,
            "tid": "total",
            "cat": "Comm"
        },
        {
            "ph": "X",
            "args": {
                "name": "Comm.byteps.Whole.Gradient"
            },
            "pid": "Comm.byteps.Whole.Gradient",
            "name": "Comm.byteps.Whole.Gradient",
            "ts": 1589707885490497,
            "dur": 198205,
            "tid": "total",
            "cat": "Comm"
        },
        {
            "ph": "X",
            "args": {
                "name": "Comm.byteps.Whole.Gradient"
            },
            "pid": "Comm.byteps.Whole.Gradient",
            "name": "Comm.byteps.Whole.Gradient",
            "ts": 1589707885850484,
            "dur": 200585,
            "tid": "total",
            "cat": "Comm"
        },
        {
            "ph": "X",
            "args": {
                "name": "Comm.byteps.Whole.Gradient"
            },
            "pid": "Comm.byteps.Whole.Gradient",
            "name": "Comm.byteps.Whole.Gradient",
            "ts": 1589707886211351,
            "dur": 200203,
            "tid": "total",
            "cat": "Comm"
        },
        {
            "ph": "X",
            "args": {
                "name": "Comm.byteps.Whole.Gradient"
            },
            "pid": "Comm.byteps.Whole.Gradient",
            "name": "Comm.byteps.Whole.Gradient",
            "ts": 1589707886583135,
            "dur": 188120,
            "tid": "total",
            "cat": "Comm"
        },
        {
            "ph": "X",
            "args": {
                "name": "Comm.byteps.Whole.Gradient"
            },
            "pid": "Comm.byteps.Whole.Gradient",
            "name": "Comm.byteps.Whole.Gradient",
            "ts": 1589707886934289,
            "dur": 200103,
            "tid": "total",
            "cat": "Comm"
        },
        {
            "ph": "X",
            "args": {
                "name": "Comm.byteps.Whole.Gradient"
            },
            "pid": "Comm.byteps.Whole.Gradient",
            "name": "Comm.byteps.Whole.Gradient",
            "ts": 1589707887293911,
            "dur": 195948,
            "tid": "total",
            "cat": "Comm"
        },
        {
            "ph": "X",
            "args": {
                "name": "Comm.byteps.Whole.Gradient"
            },
            "pid": "Comm.byteps.Whole.Gradient",
            "name": "Comm.byteps.Whole.Gradient",
            "ts": 1589707887649758,
            "dur": 198882,
            "tid": "total",
            "cat": "Comm"
        },
        {
            "ph": "X",
            "args": {
                "name": "Comm.byteps.Whole.Gradient"
            },
            "pid": "Comm.byteps.Whole.Gradient",
            "name": "Comm.byteps.Whole.Gradient",
            "ts": 1589707888008220,
            "dur": 199094,
            "tid": "total",
            "cat": "Comm"
        },
        {
            "ph": "X",
            "args": {
                "name": "Comm.byteps.Whole.Gradient"
            },
            "pid": "Comm.byteps.Whole.Gradient",
            "name": "Comm.byteps.Whole.Gradient",
            "ts": 1589707888368370,
            "dur": 201178,
            "tid": "total",
            "cat": "Comm"
        },
        {
            "ph": "X",
            "args": {
                "name": "Comm.byteps.Whole.Gradient"
            },
            "pid": "Comm.byteps.Whole.Gradient",
            "name": "Comm.byteps.Whole.Gradient.BROADCAST",
            "ts": 1589707884898961,
            "dur": 72068,
            "tid": "0",
            "cat": "Comm"
        },
        {
            "ph": "X",
            "args": {
                "name": "Comm.byteps.Whole.Gradient"
            },
            "pid": "Comm.byteps.Whole.Gradient",
            "name": "Comm.byteps.Whole.Gradient.BROADCAST",
            "ts": 1589707885259588,
            "dur": 71648,
            "tid": "0",
            "cat": "Comm"
        },
        {
            "ph": "X",
            "args": {
                "name": "Comm.byteps.Whole.Gradient"
            },
            "pid": "Comm.byteps.Whole.Gradient",
            "name": "Comm.byteps.Whole.Gradient.BROADCAST",
            "ts": 1589707885616616,
            "dur": 71968,
            "tid": "0",
            "cat": "Comm"
        },
        {
            "ph": "X",
            "args": {
                "name": "Comm.byteps.Whole.Gradient"
            },
            "pid": "Comm.byteps.Whole.Gradient",
            "name": "Comm.byteps.Whole.Gradient.BROADCAST",
            "ts": 1589707885979189,
            "dur": 71768,
            "tid": "0",
            "cat": "Comm"
        },
        {
            "ph": "X",
            "args": {
                "name": "Comm.byteps.Whole.Gradient"
            },
            "pid": "Comm.byteps.Whole.Gradient",
            "name": "Comm.byteps.Whole.Gradient.BROADCAST",
            "ts": 1589707886339780,
            "dur": 71669,
            "tid": "0",
            "cat": "Comm"
        },
        {
            "ph": "X",
            "args": {
                "name": "Comm.byteps.Whole.Gradient"
            },
            "pid": "Comm.byteps.Whole.Gradient",
            "name": "Comm.byteps.Whole.Gradient.BROADCAST",
            "ts": 1589707886699433,
            "dur": 71650,
            "tid": "0",
            "cat": "Comm"
        },
        {
            "ph": "X",
            "args": {
                "name": "Comm.byteps.Whole.Gradient"
            },
            "pid": "Comm.byteps.Whole.Gradient",
            "name": "Comm.byteps.Whole.Gradient.BROADCAST",
            "ts": 1589707887062510,
            "dur": 71779,
            "tid": "0",
            "cat": "Comm"
        },
        {
            "ph": "X",
            "args": {
                "name": "Comm.byteps.Whole.Gradient"
            },
            "pid": "Comm.byteps.Whole.Gradient",
            "name": "Comm.byteps.Whole.Gradient.BROADCAST",
            "ts": 1589707887417924,
            "dur": 71827,
            "tid": "0",
            "cat": "Comm"
        },
        {
            "ph": "X",
            "args": {
                "name": "Comm.byteps.Whole.Gradient"
            },
            "pid": "Comm.byteps.Whole.Gradient",
            "name": "Comm.byteps.Whole.Gradient.BROADCAST",
            "ts": 1589707887776526,
            "dur": 71998,
            "tid": "0",
            "cat": "Comm"
        },
        {
            "ph": "X",
            "args": {
                "name": "Comm.byteps.Whole.Gradient"
            },
            "pid": "Comm.byteps.Whole.Gradient",
            "name": "Comm.byteps.Whole.Gradient.BROADCAST",
            "ts": 1589707888135274,
            "dur": 71918,
            "tid": "0",
            "cat": "Comm"
        },
        {
            "ph": "X",
            "args": {
                "name": "Comm.byteps.Whole.Gradient"
            },
            "pid": "Comm.byteps.Whole.Gradient",
            "name": "Comm.byteps.Whole.Gradient.BROADCAST",
            "ts": 1589707888497712,
            "dur": 71725,
            "tid": "0",
            "cat": "Comm"
        },
        {
            "ph": "X",
            "args": {
                "name": "Comm.byteps.Whole.Gradient"
            },
            "pid": "Comm.byteps.Whole.Gradient",
            "name": "Comm.byteps.Whole.Gradient.COORDINATE_BROADCAST",
            "ts": 1589707884898756,
            "dur": 5,
            "tid": "0",
            "cat": "Comm"
        },
        {
            "ph": "X",
            "args": {
                "name": "Comm.byteps.Whole.Gradient"
            },
            "pid": "Comm.byteps.Whole.Gradient",
            "name": "Comm.byteps.Whole.Gradient.COORDINATE_BROADCAST",
            "ts": 1589707885259426,
            "dur": 3,
            "tid": "0",
            "cat": "Comm"
        },
        {
            "ph": "X",
            "args": {
                "name": "Comm.byteps.Whole.Gradient"
            },
            "pid": "Comm.byteps.Whole.Gradient",
            "name": "Comm.byteps.Whole.Gradient.COORDINATE_BROADCAST",
            "ts": 1589707885616477,
            "dur": 2,
            "tid": "0",
            "cat": "Comm"
        },
        {
            "ph": "X",
            "args": {
                "name": "Comm.byteps.Whole.Gradient"
            },
            "pid": "Comm.byteps.Whole.Gradient",
            "name": "Comm.byteps.Whole.Gradient.COORDINATE_BROADCAST",
            "ts": 1589707885979045,
            "dur": 3,
            "tid": "0",
            "cat": "Comm"
        },
        {
            "ph": "X",
            "args": {
                "name": "Comm.byteps.Whole.Gradient"
            },
            "pid": "Comm.byteps.Whole.Gradient",
            "name": "Comm.byteps.Whole.Gradient.COORDINATE_BROADCAST",
            "ts": 1589707886339543,
            "dur": 1,
            "tid": "0",
            "cat": "Comm"
        },
        {
            "ph": "X",
            "args": {
                "name": "Comm.byteps.Whole.Gradient"
            },
            "pid": "Comm.byteps.Whole.Gradient",
            "name": "Comm.byteps.Whole.Gradient.COORDINATE_BROADCAST",
            "ts": 1589707886699251,
            "dur": 2,
            "tid": "0",
            "cat": "Comm"
        },
        {
            "ph": "X",
            "args": {
                "name": "Comm.byteps.Whole.Gradient"
            },
            "pid": "Comm.byteps.Whole.Gradient",
            "name": "Comm.byteps.Whole.Gradient.COORDINATE_BROADCAST",
            "ts": 1589707887062388,
            "dur": 3,
            "tid": "0",
            "cat": "Comm"
        },
        {
            "ph": "X",
            "args": {
                "name": "Comm.byteps.Whole.Gradient"
            },
            "pid": "Comm.byteps.Whole.Gradient",
            "name": "Comm.byteps.Whole.Gradient.COORDINATE_BROADCAST",
            "ts": 1589707887417799,
            "dur": 2,
            "tid": "0",
            "cat": "Comm"
        },
        {
            "ph": "X",
            "args": {
                "name": "Comm.byteps.Whole.Gradient"
            },
            "pid": "Comm.byteps.Whole.Gradient",
            "name": "Comm.byteps.Whole.Gradient.COORDINATE_BROADCAST",
            "ts": 1589707887776382,
            "dur": 2,
            "tid": "0",
            "cat": "Comm"
        },
        {
            "ph": "X",
            "args": {
                "name": "Comm.byteps.Whole.Gradient"
            },
            "pid": "Comm.byteps.Whole.Gradient",
            "name": "Comm.byteps.Whole.Gradient.COORDINATE_BROADCAST",
            "ts": 1589707888135114,
            "dur": 3,
            "tid": "0",
            "cat": "Comm"
        },
        {
            "ph": "X",
            "args": {
                "name": "Comm.byteps.Whole.Gradient"
            },
            "pid": "Comm.byteps.Whole.Gradient",
            "name": "Comm.byteps.Whole.Gradient.COORDINATE_BROADCAST",
            "ts": 1589707888497505,
            "dur": 2,
            "tid": "0",
            "cat": "Comm"
        },
        {
            "ph": "X",
            "args": {
                "name": "Comm.byteps.Whole.Gradient"
            },
            "pid": "Comm.byteps.Whole.Gradient",
            "name": "Comm.byteps.Whole.Gradient.COPYH2D",
            "ts": 1589707884897338,
            "dur": 1339,
            "tid": "0",
            "cat": "Comm"
        },
        {
            "ph": "X",
            "args": {
                "name": "Comm.byteps.Whole.Gradient"
            },
            "pid": "Comm.byteps.Whole.Gradient",
            "name": "Comm.byteps.Whole.Gradient.COPYH2D",
            "ts": 1589707885258027,
            "dur": 1360,
            "tid": "0",
            "cat": "Comm"
        },
        {
            "ph": "X",
            "args": {
                "name": "Comm.byteps.Whole.Gradient"
            },
            "pid": "Comm.byteps.Whole.Gradient",
            "name": "Comm.byteps.Whole.Gradient.COPYH2D",
            "ts": 1589707885615059,
            "dur": 1340,
            "tid": "0",
            "cat": "Comm"
        },
        {
            "ph": "X",
            "args": {
                "name": "Comm.byteps.Whole.Gradient"
            },
            "pid": "Comm.byteps.Whole.Gradient",
            "name": "Comm.byteps.Whole.Gradient.COPYH2D",
            "ts": 1589707885977610,
            "dur": 1358,
            "tid": "0",
            "cat": "Comm"
        },
        {
            "ph": "X",
            "args": {
                "name": "Comm.byteps.Whole.Gradient"
            },
            "pid": "Comm.byteps.Whole.Gradient",
            "name": "Comm.byteps.Whole.Gradient.COPYH2D",
            "ts": 1589707886338183,
            "dur": 1328,
            "tid": "0",
            "cat": "Comm"
        },
        {
            "ph": "X",
            "args": {
                "name": "Comm.byteps.Whole.Gradient"
            },
            "pid": "Comm.byteps.Whole.Gradient",
            "name": "Comm.byteps.Whole.Gradient.COPYH2D",
            "ts": 1589707886697850,
            "dur": 1357,
            "tid": "0",
            "cat": "Comm"
        },
        {
            "ph": "X",
            "args": {
                "name": "Comm.byteps.Whole.Gradient"
            },
            "pid": "Comm.byteps.Whole.Gradient",
            "name": "Comm.byteps.Whole.Gradient.COPYH2D",
            "ts": 1589707887060987,
            "dur": 1335,
            "tid": "0",
            "cat": "Comm"
        },
        {
            "ph": "X",
            "args": {
                "name": "Comm.byteps.Whole.Gradient"
            },
            "pid": "Comm.byteps.Whole.Gradient",
            "name": "Comm.byteps.Whole.Gradient.COPYH2D",
            "ts": 1589707887416392,
            "dur": 1335,
            "tid": "0",
            "cat": "Comm"
        },
        {
            "ph": "X",
            "args": {
                "name": "Comm.byteps.Whole.Gradient"
            },
            "pid": "Comm.byteps.Whole.Gradient",
            "name": "Comm.byteps.Whole.Gradient.COPYH2D",
            "ts": 1589707887774998,
            "dur": 1356,
            "tid": "0",
            "cat": "Comm"
        },
        {
            "ph": "X",
            "args": {
                "name": "Comm.byteps.Whole.Gradient"
            },
            "pid": "Comm.byteps.Whole.Gradient",
            "name": "Comm.byteps.Whole.Gradient.COPYH2D",
            "ts": 1589707888133729,
            "dur": 1361,
            "tid": "0",
            "cat": "Comm"
        },
        {
            "ph": "X",
            "args": {
                "name": "Comm.byteps.Whole.Gradient"
            },
            "pid": "Comm.byteps.Whole.Gradient",
            "name": "Comm.byteps.Whole.Gradient.COPYH2D",
            "ts": 1589707888496123,
            "dur": 1356,
            "tid": "0",
            "cat": "Comm"
        },
        {
            "ph": "X",
            "args": {
                "name": "Comm.byteps.Whole.Gradient"
            },
            "pid": "Comm.byteps.Whole.Gradient",
            "name": "Comm.byteps.Whole.Gradient.COORDINATE_REDUCE",
            "ts": 1589707884861315,
            "dur": 3,
            "tid": "0",
            "cat": "Comm"
        },
        {
            "ph": "X",
            "args": {
                "name": "Comm.byteps.Whole.Gradient"
            },
            "pid": "Comm.byteps.Whole.Gradient",
            "name": "Comm.byteps.Whole.Gradient.COORDINATE_REDUCE",
            "ts": 1589707885197785,
            "dur": 2,
            "tid": "0",
            "cat": "Comm"
        },
        {
            "ph": "X",
            "args": {
                "name": "Comm.byteps.Whole.Gradient"
            },
            "pid": "Comm.byteps.Whole.Gradient",
            "name": "Comm.byteps.Whole.Gradient.COORDINATE_REDUCE",
            "ts": 1589707885563412,
            "dur": 3,
            "tid": "0",
            "cat": "Comm"
        },
        {
            "ph": "X",
            "args": {
                "name": "Comm.byteps.Whole.Gradient"
            },
            "pid": "Comm.byteps.Whole.Gradient",
            "name": "Comm.byteps.Whole.Gradient.COORDINATE_REDUCE",
            "ts": 1589707885922672,
            "dur": 2,
            "tid": "0",
            "cat": "Comm"
        },
        {
            "ph": "X",
            "args": {
                "name": "Comm.byteps.Whole.Gradient"
            },
            "pid": "Comm.byteps.Whole.Gradient",
            "name": "Comm.byteps.Whole.Gradient.COORDINATE_REDUCE",
            "ts": 1589707886283132,
            "dur": 2,
            "tid": "0",
            "cat": "Comm"
        },
        {
            "ph": "X",
            "args": {
                "name": "Comm.byteps.Whole.Gradient"
            },
            "pid": "Comm.byteps.Whole.Gradient",
            "name": "Comm.byteps.Whole.Gradient.COORDINATE_REDUCE",
            "ts": 1589707886654357,
            "dur": 2,
            "tid": "0",
            "cat": "Comm"
        },
        {
            "ph": "X",
            "args": {
                "name": "Comm.byteps.Whole.Gradient"
            },
            "pid": "Comm.byteps.Whole.Gradient",
            "name": "Comm.byteps.Whole.Gradient.COORDINATE_REDUCE",
            "ts": 1589707887005946,
            "dur": 3,
            "tid": "0",
            "cat": "Comm"
        },
        {
            "ph": "X",
            "args": {
                "name": "Comm.byteps.Whole.Gradient"
            },
            "pid": "Comm.byteps.Whole.Gradient",
            "name": "Comm.byteps.Whole.Gradient.COORDINATE_REDUCE",
            "ts": 1589707887365518,
            "dur": 2,
            "tid": "0",
            "cat": "Comm"
        },
        {
            "ph": "X",
            "args": {
                "name": "Comm.byteps.Whole.Gradient"
            },
            "pid": "Comm.byteps.Whole.Gradient",
            "name": "Comm.byteps.Whole.Gradient.COORDINATE_REDUCE",
            "ts": 1589707887722013,
            "dur": 2,
            "tid": "0",
            "cat": "Comm"
        },
        {
            "ph": "X",
            "args": {
                "name": "Comm.byteps.Whole.Gradient"
            },
            "pid": "Comm.byteps.Whole.Gradient",
            "name": "Comm.byteps.Whole.Gradient.COORDINATE_REDUCE",
            "ts": 1589707888080805,
            "dur": 2,
            "tid": "0",
            "cat": "Comm"
        },
        {
            "ph": "X",
            "args": {
                "name": "Comm.byteps.Whole.Gradient"
            },
            "pid": "Comm.byteps.Whole.Gradient",
            "name": "Comm.byteps.Whole.Gradient.COORDINATE_REDUCE",
            "ts": 1589707888439233,
            "dur": 4,
            "tid": "0",
            "cat": "Comm"
        },
        {
            "ph": "X",
            "args": {
                "name": "Comm.byteps.Whole.Gradient"
            },
            "pid": "Comm.byteps.Whole.Gradient",
            "name": "Comm.byteps.Whole.Gradient.REDUCE",
            "ts": 1589707884861482,
            "dur": 18933,
            "tid": "0",
            "cat": "Comm"
        },
        {
            "ph": "X",
            "args": {
                "name": "Comm.byteps.Whole.Gradient"
            },
            "pid": "Comm.byteps.Whole.Gradient",
            "name": "Comm.byteps.Whole.Gradient.REDUCE",
            "ts": 1589707885210465,
            "dur": 19157,
            "tid": "0",
            "cat": "Comm"
        },
        {
            "ph": "X",
            "args": {
                "name": "Comm.byteps.Whole.Gradient"
            },
            "pid": "Comm.byteps.Whole.Gradient",
            "name": "Comm.byteps.Whole.Gradient.REDUCE",
            "ts": 1589707885569703,
            "dur": 18839,
            "tid": "0",
            "cat": "Comm"
        },
        {
            "ph": "X",
            "args": {
                "name": "Comm.byteps.Whole.Gradient"
            },
            "pid": "Comm.byteps.Whole.Gradient",
            "name": "Comm.byteps.Whole.Gradient.REDUCE",
            "ts": 1589707885927827,
            "dur": 18664,
            "tid": "0",
            "cat": "Comm"
        },
        {
            "ph": "X",
            "args": {
                "name": "Comm.byteps.Whole.Gradient"
            },
            "pid": "Comm.byteps.Whole.Gradient",
            "name": "Comm.byteps.Whole.Gradient.REDUCE",
            "ts": 1589707886283967,
            "dur": 18693,
            "tid": "0",
            "cat": "Comm"
        },
        {
            "ph": "X",
            "args": {
                "name": "Comm.byteps.Whole.Gradient"
            },
            "pid": "Comm.byteps.Whole.Gradient",
            "name": "Comm.byteps.Whole.Gradient.REDUCE",
            "ts": 1589707886654529,
            "dur": 18780,
            "tid": "0",
            "cat": "Comm"
        },
        {
            "ph": "X",
            "args": {
                "name": "Comm.byteps.Whole.Gradient"
            },
            "pid": "Comm.byteps.Whole.Gradient",
            "name": "Comm.byteps.Whole.Gradient.REDUCE",
            "ts": 1589707887018586,
            "dur": 18824,
            "tid": "0",
            "cat": "Comm"
        },
        {
            "ph": "X",
            "args": {
                "name": "Comm.byteps.Whole.Gradient"
            },
            "pid": "Comm.byteps.Whole.Gradient",
            "name": "Comm.byteps.Whole.Gradient.REDUCE",
            "ts": 1589707887369926,
            "dur": 18784,
            "tid": "0",
            "cat": "Comm"
        },
        {
            "ph": "X",
            "args": {
                "name": "Comm.byteps.Whole.Gradient"
            },
            "pid": "Comm.byteps.Whole.Gradient",
            "name": "Comm.byteps.Whole.Gradient.REDUCE",
            "ts": 1589707887736036,
            "dur": 18761,
            "tid": "0",
            "cat": "Comm"
        },
        {
            "ph": "X",
            "args": {
                "name": "Comm.byteps.Whole.Gradient"
            },
            "pid": "Comm.byteps.Whole.Gradient",
            "name": "Comm.byteps.Whole.Gradient.REDUCE",
            "ts": 1589707888088352,
            "dur": 18724,
            "tid": "0",
            "cat": "Comm"
        },
        {
            "ph": "X",
            "args": {
                "name": "Comm.byteps.Whole.Gradient"
            },
            "pid": "Comm.byteps.Whole.Gradient",
            "name": "Comm.byteps.Whole.Gradient.REDUCE",
            "ts": 1589707888448436,
            "dur": 18604,
            "tid": "0",
            "cat": "Comm"
        },
        {
            "ph": "X",
            "args": {
                "name": "Comm.byteps.Whole.Gradient"
            },
            "pid": "Comm.byteps.Whole.Gradient",
            "name": "Comm.byteps.Whole.Gradient.COPYD2H",
            "ts": 1589707884880483,
            "dur": 671,
            "tid": "0",
            "cat": "Comm"
        },
        {
            "ph": "X",
            "args": {
                "name": "Comm.byteps.Whole.Gradient"
            },
            "pid": "Comm.byteps.Whole.Gradient",
            "name": "Comm.byteps.Whole.Gradient.COPYD2H",
            "ts": 1589707885229662,
            "dur": 697,
            "tid": "0",
            "cat": "Comm"
        },
        {
            "ph": "X",
            "args": {
                "name": "Comm.byteps.Whole.Gradient"
            },
            "pid": "Comm.byteps.Whole.Gradient",
            "name": "Comm.byteps.Whole.Gradient.COPYD2H",
            "ts": 1589707885588576,
            "dur": 657,
            "tid": "0",
            "cat": "Comm"
        },
        {
            "ph": "X",
            "args": {
                "name": "Comm.byteps.Whole.Gradient"
            },
            "pid": "Comm.byteps.Whole.Gradient",
            "name": "Comm.byteps.Whole.Gradient.COPYD2H",
            "ts": 1589707885946538,
            "dur": 664,
            "tid": "0",
            "cat": "Comm"
        },
        {
            "ph": "X",
            "args": {
                "name": "Comm.byteps.Whole.Gradient"
            },
            "pid": "Comm.byteps.Whole.Gradient",
            "name": "Comm.byteps.Whole.Gradient.COPYD2H",
            "ts": 1589707886302727,
            "dur": 659,
            "tid": "0",
            "cat": "Comm"
        },
        {
            "ph": "X",
            "args": {
                "name": "Comm.byteps.Whole.Gradient"
            },
            "pid": "Comm.byteps.Whole.Gradient",
            "name": "Comm.byteps.Whole.Gradient.COPYD2H",
            "ts": 1589707886673393,
            "dur": 666,
            "tid": "0",
            "cat": "Comm"
        },
        {
            "ph": "X",
            "args": {
                "name": "Comm.byteps.Whole.Gradient"
            },
            "pid": "Comm.byteps.Whole.Gradient",
            "name": "Comm.byteps.Whole.Gradient.COPYD2H",
            "ts": 1589707887037473,
            "dur": 664,
            "tid": "0",
            "cat": "Comm"
        },
        {
            "ph": "X",
            "args": {
                "name": "Comm.byteps.Whole.Gradient"
            },
            "pid": "Comm.byteps.Whole.Gradient",
            "name": "Comm.byteps.Whole.Gradient.COPYD2H",
            "ts": 1589707887388764,
            "dur": 667,
            "tid": "0",
            "cat": "Comm"
        },
        {
            "ph": "X",
            "args": {
                "name": "Comm.byteps.Whole.Gradient"
            },
            "pid": "Comm.byteps.Whole.Gradient",
            "name": "Comm.byteps.Whole.Gradient.COPYD2H",
            "ts": 1589707887754881,
            "dur": 664,
            "tid": "0",
            "cat": "Comm"
        },
        {
            "ph": "X",
            "args": {
                "name": "Comm.byteps.Whole.Gradient"
            },
            "pid": "Comm.byteps.Whole.Gradient",
            "name": "Comm.byteps.Whole.Gradient.COPYD2H",
            "ts": 1589707888107134,
            "dur": 681,
            "tid": "0",
            "cat": "Comm"
        },
        {
            "ph": "X",
            "args": {
                "name": "Comm.byteps.Whole.Gradient"
            },
            "pid": "Comm.byteps.Whole.Gradient",
            "name": "Comm.byteps.Whole.Gradient.COPYD2H",
            "ts": 1589707888467073,
            "dur": 668,
            "tid": "0",
            "cat": "Comm"
        },
        {
            "ph": "X",
            "args": {
                "name": "Comm.byteps.Whole.Gradient"
            },
            "pid": "Comm.byteps.Whole.Gradient",
            "name": "Comm.byteps.Whole.Gradient.COORDINATE_PUSH",
            "ts": 1589707884881176,
            "dur": 3,
            "tid": "0",
            "cat": "Comm"
        },
        {
            "ph": "X",
            "args": {
                "name": "Comm.byteps.Whole.Gradient"
            },
            "pid": "Comm.byteps.Whole.Gradient",
            "name": "Comm.byteps.Whole.Gradient.COORDINATE_PUSH",
            "ts": 1589707885230416,
            "dur": 3,
            "tid": "0",
            "cat": "Comm"
        },
        {
            "ph": "X",
            "args": {
                "name": "Comm.byteps.Whole.Gradient"
            },
            "pid": "Comm.byteps.Whole.Gradient",
            "name": "Comm.byteps.Whole.Gradient.COORDINATE_PUSH",
            "ts": 1589707885589295,
            "dur": 3,
            "tid": "0",
            "cat": "Comm"
        },
        {
            "ph": "X",
            "args": {
                "name": "Comm.byteps.Whole.Gradient"
            },
            "pid": "Comm.byteps.Whole.Gradient",
            "name": "Comm.byteps.Whole.Gradient.COORDINATE_PUSH",
            "ts": 1589707885947266,
            "dur": 2,
            "tid": "0",
            "cat": "Comm"
        },
        {
            "ph": "X",
            "args": {
                "name": "Comm.byteps.Whole.Gradient"
            },
            "pid": "Comm.byteps.Whole.Gradient",
            "name": "Comm.byteps.Whole.Gradient.COORDINATE_PUSH",
            "ts": 1589707886303421,
            "dur": 2,
            "tid": "0",
            "cat": "Comm"
        },
        {
            "ph": "X",
            "args": {
                "name": "Comm.byteps.Whole.Gradient"
            },
            "pid": "Comm.byteps.Whole.Gradient",
            "name": "Comm.byteps.Whole.Gradient.COORDINATE_PUSH",
            "ts": 1589707886674100,
            "dur": 3,
            "tid": "0",
            "cat": "Comm"
        },
        {
            "ph": "X",
            "args": {
                "name": "Comm.byteps.Whole.Gradient"
            },
            "pid": "Comm.byteps.Whole.Gradient",
            "name": "Comm.byteps.Whole.Gradient.COORDINATE_PUSH",
            "ts": 1589707887038171,
            "dur": 3,
            "tid": "0",
            "cat": "Comm"
        },
        {
            "ph": "X",
            "args": {
                "name": "Comm.byteps.Whole.Gradient"
            },
            "pid": "Comm.byteps.Whole.Gradient",
            "name": "Comm.byteps.Whole.Gradient.COORDINATE_PUSH",
            "ts": 1589707887389475,
            "dur": 2,
            "tid": "0",
            "cat": "Comm"
        },
        {
            "ph": "X",
            "args": {
                "name": "Comm.byteps.Whole.Gradient"
            },
            "pid": "Comm.byteps.Whole.Gradient",
            "name": "Comm.byteps.Whole.Gradient.COORDINATE_PUSH",
            "ts": 1589707887755581,
            "dur": 2,
            "tid": "0",
            "cat": "Comm"
        },
        {
            "ph": "X",
            "args": {
                "name": "Comm.byteps.Whole.Gradient"
            },
            "pid": "Comm.byteps.Whole.Gradient",
            "name": "Comm.byteps.Whole.Gradient.COORDINATE_PUSH",
            "ts": 1589707888107869,
            "dur": 2,
            "tid": "0",
            "cat": "Comm"
        },
        {
            "ph": "X",
            "args": {
                "name": "Comm.byteps.Whole.Gradient"
            },
            "pid": "Comm.byteps.Whole.Gradient",
            "name": "Comm.byteps.Whole.Gradient.COORDINATE_PUSH",
            "ts": 1589707888467810,
            "dur": 2,
            "tid": "0",
            "cat": "Comm"
        }

    ],
    "displayTimeUnit": "ms"
}
